datetime,count,realcount
2011-01-01 03:00:00,-63.8479161666114,13
2011-01-01 04:00:00,-62.2911096546681,1
2011-01-01 10:00:00,117.037935275391,36
2011-01-01 16:00:00,204.170495667633,93
2011-01-01 19:00:00,192.559541480494,37
2011-01-01 21:00:00,84.5830994486935,34
2011-01-01 22:00:00,42.1931510778012,28
2011-01-02 18:00:00,321.967238747355,53
2011-01-02 21:00:00,85.3277696413978,31
2011-01-02 22:00:00,44.2892797260111,9
2011-01-03 12:00:00,151.896651734878,61
2011-01-03 19:00:00,211.533171139542,110
2011-01-03 22:00:00,1.8254694658421,20
2011-01-03 23:00:00,-7.04014220612358,12
2011-01-04 01:00:00,-71.2612738559422,2
2011-01-04 07:00:00,101.604683516479,94
2011-01-04 10:00:00,15.4674539228901,42
2011-01-04 17:00:00,357.809325890532,212
2011-01-04 19:00:00,215.390711574685,112
2011-01-05 07:00:00,149.255348167042,88
2011-01-05 10:00:00,92.8880576694155,57
2011-01-05 16:00:00,238.387249253422,89
2011-01-05 17:00:00,358.498356922951,190
2011-01-05 19:00:00,229.012000393703,132
2011-01-06 02:00:00,-68.8593652821267,2
2011-01-06 05:00:00,-102.709661622437,4
2011-01-06 09:00:00,116.448623893312,122
2011-01-06 17:00:00,345.137766320673,172
2011-01-06 19:00:00,211.811208697635,112
2011-01-07 08:00:00,295.923029937848,210
2011-01-07 09:00:00,141.729497027415,134
2011-01-07 16:00:00,179.17103992691,87
2011-01-08 00:00:00,-51.0521547736684,25
2011-01-08 01:00:00,-72.5749033729811,16
2011-01-08 09:00:00,45.0978503593017,20
2011-01-08 12:00:00,107.072891046984,98
2011-01-08 13:00:00,145.255624087372,102
2011-01-09 02:00:00,-96.3440360990782,11
2011-01-09 05:00:00,-96.6479825267523,1
2011-01-09 06:00:00,-27.9712434810504,1
2011-01-09 09:00:00,100.874986993775,19
2011-01-09 11:00:00,80.0224645979814,49
2011-01-09 14:00:00,112.357209889415,72
2011-01-09 15:00:00,127.6719878416,82
2011-01-09 23:00:00,-28.8790665358775,6
2011-01-10 02:00:00,-82.0444881263977,3
2011-01-10 04:00:00,-98.7065786924798,3
2011-01-10 14:00:00,85.5072413152696,47
2011-01-10 20:00:00,108.096119913636,74
2011-01-11 05:00:00,-92.4098068312544,6
2011-01-11 07:00:00,112.848299794018,99
2011-01-11 08:00:00,261.539784245747,217
2011-01-11 17:00:00,260.348055342639,136
2011-01-11 18:00:00,203.508221201433,95
2011-01-11 21:00:00,-19.2509146909614,20
2011-01-12 02:00:00,-106.480252998984,1
2011-01-12 07:00:00,113.57088394595,54
2011-01-12 15:00:00,117.250365040841,49
2011-01-12 18:00:00,302.302929996734,137
2011-01-13 00:00:00,-57.0944389503526,7
2011-01-13 01:00:00,-68.3456346699897,2
2011-01-13 07:00:00,127.091701000201,72
2011-01-13 18:00:00,315.721338997173,144
2011-01-13 19:00:00,194.533898002973,99
2011-01-14 10:00:00,72.142435949618,44
2011-01-14 12:00:00,145.499326097347,61
2011-01-14 13:00:00,154.769762261409,77
2011-01-14 21:00:00,59.3270121697142,52
2011-01-14 22:00:00,-0.719641953482224,36
2011-01-15 05:00:00,-53.5711556997527,1
2011-01-15 09:00:00,121.693423622152,33
2011-01-15 17:00:00,367.321261538763,83
2011-01-15 18:00:00,323.151289708188,84
2011-01-15 19:00:00,230.521923033094,74
2011-01-16 02:00:00,-47.5296864385482,16
2011-01-16 04:00:00,-61.6392440892292,1
2011-01-16 05:00:00,-71.210837952994,2
2011-01-16 09:00:00,131.740975814442,32
2011-01-16 10:00:00,72.9794799019141,79
2011-01-16 22:00:00,8.82164473695777,21
2011-01-16 23:00:00,-17.7764760888447,18
2011-01-17 20:00:00,21.7928803837399,33
2011-01-17 23:00:00,-106.299627493519,4
2011-01-18 13:00:00,71.1349524952394,22
2011-01-18 18:00:00,256.457982992771,133
2011-01-18 19:00:00,152.714051024161,99
2011-01-19 01:00:00,-132.544261831401,7
2011-01-19 02:00:00,-138.284675542136,3
2011-01-19 07:00:00,98.3607088278426,90
2011-01-19 08:00:00,241.330509415581,197
2011-01-19 18:00:00,335.266253273627,161
2011-02-01 00:00:00,-76.3687619698675,8
2011-02-01 07:00:00,56.1675044756621,52
2011-02-01 18:00:00,267.254099592176,168
2011-02-01 19:00:00,161.286437142629,108
2011-02-01 22:00:00,-9.02417977042176,36
2011-02-02 00:00:00,-106.265340236511,2
2011-02-02 02:00:00,-134.106502803052,4
2011-02-02 05:00:00,-126.768664819841,3
2011-02-02 10:00:00,23.280768502171,61
2011-02-02 13:00:00,138.947183214455,75
2011-02-02 15:00:00,155.132465416847,76
2011-02-02 23:00:00,6.74986552510722,32
2011-02-03 01:00:00,-44.538840201073,5
2011-02-03 06:00:00,9.00148201341043,39
2011-02-03 10:00:00,80.6242671056485,52
2011-02-03 14:00:00,124.901062286806,47
2011-02-03 23:00:00,15.0006029471507,38
2011-02-04 01:00:00,-75.7334714231619,7
2011-02-04 23:00:00,-20.1740706697121,31
2011-02-05 09:00:00,55.5025587766487,20
2011-02-05 10:00:00,-5.48266761681641,34
2011-02-05 12:00:00,57.3136695229907,52
2011-02-05 21:00:00,56.4773796751763,56
2011-02-06 02:00:00,-56.057377105411,20
2011-02-06 08:00:00,288.090172863253,23
2011-02-06 10:00:00,99.8676470714039,89
2011-02-06 20:00:00,132.187118358627,26
2011-02-06 21:00:00,85.2199009926211,27
2011-02-07 02:00:00,-74.1321165747275,3
2011-02-07 11:00:00,117.165162538739,47
2011-02-07 14:00:00,122.899119682799,60
2011-02-07 22:00:00,38.6633355477775,37
2011-02-08 12:00:00,152.658000709379,65
2011-02-08 13:00:00,133.446165955867,50
2011-02-09 03:00:00,-97.8289669531562,2
2011-02-09 05:00:00,-77.0338654824626,7
2011-02-09 08:00:00,279.100838298781,199
2011-02-09 09:00:00,129.316148573527,123
2011-02-09 22:00:00,-45.3940818394874,46
2011-02-10 00:00:00,-125.368008446286,16
2011-02-10 01:00:00,-137.290254311124,7
2011-02-10 02:00:00,-143.030668021859,3
2011-02-10 06:00:00,-34.4501850972648,26
2011-02-10 07:00:00,120.890148868087,99
2011-02-10 18:00:00,325.129789062248,160
2011-02-10 20:00:00,134.392462313658,97
2011-02-10 22:00:00,43.12982583566,51
2011-02-10 23:00:00,-3.86919038946504,34
2011-02-11 01:00:00,-69.2901447907928,7
2011-02-11 06:00:00,-15.0092182162806,24
2011-02-11 07:00:00,111.746436777686,74
2011-02-11 12:00:00,154.375342149857,71
2011-02-11 14:00:00,164.124874382067,84
2011-02-11 20:00:00,133.372583007038,63
2011-02-12 10:00:00,103.059576827147,84
2011-02-12 12:00:00,183.853435278139,120
2011-02-12 18:00:00,350.848877894073,64
2011-02-12 19:00:00,249.314046600604,41
2011-02-12 22:00:00,71.4254355537853,45
2011-02-13 14:00:00,155.638440881652,161
2011-02-13 19:00:00,274.718808940662,61
2011-02-14 01:00:00,21.1373509929119,7
2011-02-14 08:00:00,360.176919619347,256
2011-02-14 13:00:00,276.229256242435,120
2011-02-14 18:00:00,379.791413318658,205
2011-02-15 04:00:00,-51.9436463732818,1
2011-02-15 05:00:00,-32.3379312033726,4
2011-02-15 06:00:00,26.20828079316,30
2011-02-15 19:00:00,251.413147441071,145
2011-02-16 16:00:00,284.787000293137,122
2011-02-16 17:00:00,440.112743918788,255
2011-02-17 00:00:00,15.3254832988635,17
2011-02-17 08:00:00,330.368190493497,285
2011-02-17 09:00:00,183.072243406528,179
2011-02-17 18:00:00,395.845896666311,222
2011-02-18 02:00:00,5.48461875792837,7
2011-02-18 07:00:00,174.668698561954,116
2011-02-18 11:00:00,157.789666569077,113
2011-02-18 20:00:00,273.798691174903,124
2011-02-18 21:00:00,222.188062607484,72
2011-02-19 06:00:00,116.959446167096,6
2011-02-19 09:00:00,242.949513792478,55
2011-02-19 19:00:00,271.822819150779,59
2011-02-19 22:00:00,96.2217288620139,44
2011-03-01 02:00:00,-50.6812659921659,4
2011-03-01 03:00:00,-68.9001630701912,2
2011-03-01 05:00:00,-55.315635522107,2
2011-03-01 07:00:00,148.086160833387,107
2011-03-01 10:00:00,94.8880212843499,68
2011-03-01 22:00:00,55.5974657943073,47
2011-03-02 00:00:00,-25.7900516067656,8
2011-03-02 03:00:00,-64.8793769856478,4
2011-03-02 07:00:00,154.884689684462,110
2011-03-02 08:00:00,300.99965324989,256
2011-03-02 09:00:00,166.776989780027,148
2011-03-02 12:00:00,218.958724750027,82
2011-03-02 17:00:00,466.525219806758,268
2011-03-02 20:00:00,201.697352874578,95
2011-03-02 21:00:00,144.919052728763,71
2011-03-03 01:00:00,-7.26218137113872,1
2011-03-03 04:00:00,-47.3094165537766,1
2011-03-03 11:00:00,138.405008203422,50
2011-03-03 15:00:00,181.645688261861,68
2011-03-03 18:00:00,346.311987624227,167
2011-03-03 20:00:00,152.73312783199,70
2011-03-03 22:00:00,74.505157194403,53
2011-03-04 04:00:00,-98.1736969802628,1
2011-03-04 06:00:00,-22.5982907001213,29
2011-03-04 10:00:00,98.5014753008242,66
2011-03-04 14:00:00,177.650658727366,95
2011-03-04 18:00:00,336.462447100765,187
2011-03-04 19:00:00,246.270007633322,107
2011-03-05 03:00:00,-75.2428480329897,2
2011-03-05 04:00:00,-77.2372424865898,1
2011-03-05 09:00:00,127.434776619929,63
2011-03-05 21:00:00,124.774250810222,72
2011-03-06 14:00:00,85.6700885946248,39
2011-03-06 22:00:00,-24.1376167579565,10
2011-03-07 03:00:00,-89.9988061211716,1
2011-03-07 08:00:00,278.127942566202,211
2011-03-07 17:00:00,406.45857657033,233
2011-03-07 18:00:00,371.218057329028,233
2011-03-07 23:00:00,45.9954886939888,22
2011-03-08 03:00:00,-42.7775838068787,7
2011-03-08 09:00:00,174.011794819506,151
2011-03-08 14:00:00,175.415306096609,72
2011-03-08 20:00:00,181.785738100181,76
2011-03-09 11:00:00,94.3770019330204,59
2011-03-09 21:00:00,58.1627152591397,62
2011-03-09 23:00:00,-31.7682484980553,18
2011-03-10 00:00:00,26.1339991928396,3
2011-03-10 05:00:00,13.208668743278,3
2011-03-10 06:00:00,72.6763132365632,12
2011-03-10 12:00:00,219.106260758455,34
2011-03-10 17:00:00,450.417123595553,111
2011-03-11 02:00:00,-88.2861451788837,5
2011-03-11 09:00:00,150.227014518694,156
2011-03-11 13:00:00,196.432764177892,107
2011-03-11 14:00:00,143.673098326455,89
2011-03-11 15:00:00,151.409882144872,85
2011-03-11 20:00:00,166.957015040922,76
2011-03-12 10:00:00,118.971695756919,99
2011-03-12 21:00:00,142.659760641049,82
2011-03-13 04:00:00,-32.5170917772878,13
2011-03-13 05:00:00,-8.50253342219929,3
2011-03-13 08:00:00,360.70545397615,34
2011-03-13 13:00:00,230.564343539415,221
2011-03-13 20:00:00,155.415813492213,77
2011-03-13 22:00:00,66.1370678382264,37
2011-03-14 03:00:00,-48.431238462076,3
2011-03-14 08:00:00,305.448979608031,241
2011-03-14 11:00:00,163.700076392411,71
2011-03-14 23:00:00,51.9183944382094,19
2011-03-15 00:00:00,19.0071061966134,14
2011-03-15 22:00:00,26.4563648394584,21
2011-03-16 03:00:00,-100.71684188373,3
2011-03-16 09:00:00,124.243160938711,154
2011-03-16 10:00:00,85.5163247438697,68
2011-03-16 14:00:00,131.042170326721,100
2011-03-16 21:00:00,125.221614342564,78
2011-03-16 22:00:00,80.3575531391832,59
2011-03-17 02:00:00,-21.1312472613944,8
2011-03-17 03:00:00,-23.1316977446242,2
2011-03-17 07:00:00,179.086451846084,140
2011-03-17 12:00:00,246.104428009108,105
2011-03-17 14:00:00,214.246590276005,119
2011-03-17 15:00:00,238.466832846565,125
2011-03-18 02:00:00,15.2510317902197,14
2011-03-18 05:00:00,11.1706745458723,10
2011-03-19 00:00:00,90.2030435443792,76
2011-03-19 01:00:00,62.8118213128588,51
2011-03-19 04:00:00,67.2002914852429,3
2011-03-19 07:00:00,233.077024566638,13
2011-03-19 08:00:00,385.241289900998,48
2011-03-19 09:00:00,232.311437198054,76
2011-03-19 12:00:00,252.261095086087,267
2011-03-19 14:00:00,233.046515011337,312
2011-03-19 19:00:00,314.552555459964,154
2011-03-19 21:00:00,172.029910935862,93
2011-04-01 06:00:00,-31.3385249723656,28
2011-04-01 07:00:00,107.780745716811,95
2011-04-01 11:00:00,155.068448862599,89
2011-04-01 12:00:00,206.314144294741,95
2011-04-01 13:00:00,216.177210521091,110
2011-04-02 00:00:00,10.0902813286665,32
2011-04-02 01:00:00,-4.42049854688776,32
2011-04-02 02:00:00,-27.3394091258657,21
2011-04-02 06:00:00,51.8589486574316,12
2011-04-02 08:00:00,345.645857125047,55
2011-04-02 14:00:00,103.050979160506,190
2011-04-02 17:00:00,429.082932355666,184
2011-04-03 01:00:00,-3.93483131237703,34
2011-04-03 17:00:00,434.812074570105,274
2011-04-04 12:00:00,308.767095174088,157
2011-04-04 14:00:00,281.331298280103,123
2011-04-04 16:00:00,394.630926931295,189
2011-04-04 17:00:00,542.971306485467,366
2011-04-04 19:00:00,399.592641896172,278
2011-04-05 02:00:00,25.6459557086016,5
2011-04-05 03:00:00,14.4124227020559,4
2011-04-05 07:00:00,198.883433333131,134
2011-04-06 07:00:00,185.944923201408,133
2011-04-06 13:00:00,256.10561367665,112
2011-04-07 05:00:00,-1.71473531676842,6
2011-04-07 10:00:00,138.596801945588,95
2011-04-07 15:00:00,289.483305998285,160
2011-04-07 16:00:00,357.369415166865,213
2011-04-07 19:00:00,306.45058661895,226
2011-04-08 00:00:00,4.7736394422381,25
2011-04-08 02:00:00,-50.6043735742245,13
2011-04-08 05:00:00,-37.013395260472,9
2011-04-08 11:00:00,160.043317457789,98
2011-04-08 19:00:00,176.080584939218,53
2011-04-08 20:00:00,119.489561623707,63
2011-04-09 00:00:00,-21.5129576121879,31
2011-04-09 06:00:00,13.9147911380197,13
2011-04-09 11:00:00,131.430581868614,142
2011-04-09 14:00:00,135.5746730521,212
2011-04-09 17:00:00,377.8244670327,257
2011-04-10 00:00:00,-9.72613300972611,53
2011-04-10 01:00:00,-29.6177811903905,37
2011-04-10 09:00:00,149.771582818969,81
2011-04-10 14:00:00,194.247327871173,281
2011-04-10 16:00:00,256.216320303192,288
2011-04-10 19:00:00,288.950638263746,131
2011-04-10 21:00:00,134.353378172682,95
2011-04-10 23:00:00,66.5757416009863,32
2011-04-11 10:00:00,155.961085595445,96
2011-04-12 02:00:00,69.7900442539974,14
2011-04-12 06:00:00,97.2663193581307,58
2011-04-12 09:00:00,151.497027905283,54
2011-04-12 14:00:00,164.925956000097,44
2011-04-12 15:00:00,180.343142006094,78
2011-04-13 07:00:00,130.404255979416,70
2011-04-13 09:00:00,158.448557433347,65
2011-04-13 11:00:00,141.147236003097,61
2011-04-13 16:00:00,277.97855338116,142
2011-04-14 02:00:00,0.734521508930502,3
2011-04-14 03:00:00,-20.6681563234794,2
2011-04-14 10:00:00,199.7809782101,89
2011-04-14 12:00:00,276.586661269561,145
2011-04-14 17:00:00,514.326259211165,388
2011-04-14 23:00:00,105.35940007557,47
2011-04-15 21:00:00,117.976195416447,102
2011-04-16 07:00:00,194.842653672739,21
2011-04-16 15:00:00,172.57417273227,78
2011-04-16 18:00:00,368.298079368987,38
2011-04-16 21:00:00,120.517440317235,14
2011-04-17 00:00:00,15.9664202948334,33
2011-04-17 03:00:00,3.31527895978918,25
2011-04-17 07:00:00,216.260179889347,16
2011-04-17 22:00:00,161.803665879137,70
2011-04-18 02:00:00,25.0719491223421,16
2011-04-18 13:00:00,245.435159846079,169
2011-04-18 17:00:00,477.341101410938,428
2011-04-18 20:00:00,292.034563083811,165
2011-04-18 22:00:00,157.940678739228,90
2011-04-18 23:00:00,111.269280419045,46
2011-04-19 02:00:00,34.3223709870114,13
2011-04-19 18:00:00,396.192141567826,421
2011-04-19 23:00:00,71.2319301308211,52
2011-05-01 02:00:00,29.9803594969437,50
2011-05-01 04:00:00,15.9094196229576,17
2011-05-01 08:00:00,358.632328446646,59
2011-05-01 09:00:00,212.976839943429,141
2011-05-01 11:00:00,188.208313052313,250
2011-05-01 22:00:00,106.059126228701,100
2011-05-02 05:00:00,22.2298563738269,20
2011-05-02 06:00:00,97.7377360065636,62
2011-05-02 09:00:00,225.028669464273,172
2011-05-02 13:00:00,267.396872988993,170
2011-05-02 18:00:00,446.366971783551,518
2011-05-02 20:00:00,254.669594761514,218
2011-05-02 22:00:00,162.799698415431,125
2011-05-03 01:00:00,52.5782185906302,14
2011-05-03 06:00:00,87.5739556755694,109
2011-05-03 10:00:00,212.236935766474,127
2011-05-03 18:00:00,501.669569616095,544
2011-05-03 21:00:00,219.24032001823,225
2011-05-03 23:00:00,113.508922500577,62
2011-05-04 02:00:00,6.54928163412747,4
2011-05-04 04:00:00,-46.8175194762186,3
2011-05-04 06:00:00,11.0505501505079,21
2011-05-04 08:00:00,291.890571025729,79
2011-05-04 12:00:00,224.566001408103,124
2011-05-04 17:00:00,431.144361214089,410
2011-05-04 21:00:00,177.906339670936,150
2011-05-04 22:00:00,136.86784975555,89
2011-05-05 05:00:00,28.5236043034062,30
2011-05-05 16:00:00,374.347879095499,269
2011-05-05 22:00:00,188.029439656613,165
2011-05-06 08:00:00,391.366806907408,450
2011-05-06 14:00:00,295.013957753844,213
2011-05-06 16:00:00,375.991114393673,344
2011-05-06 20:00:00,275.557059809054,190
2011-05-06 21:00:00,199.601742165188,152
2011-05-07 08:00:00,444.75837862386,115
2011-05-07 12:00:00,329.446902685669,373
2011-05-07 14:00:00,253.635200986931,378
2011-05-07 15:00:00,315.480363791052,378
2011-05-07 16:00:00,380.48632213929,342
2011-05-07 20:00:00,293.655575486472,219
2011-05-07 23:00:00,142.079614979795,119
2011-05-08 06:00:00,72.9920562041883,6
2011-05-08 07:00:00,215.256489871054,23
2011-05-08 14:00:00,272.647191039865,366
2011-05-08 18:00:00,461.674758803297,268
2011-05-09 00:00:00,67.6642509091872,53
2011-05-09 06:00:00,113.098540381723,89
2011-05-09 10:00:00,230.737538624453,119
2011-05-09 11:00:00,275.303073778203,125
2011-05-09 14:00:00,289.601679981758,162
2011-05-09 18:00:00,495.729324530521,524
2011-05-09 19:00:00,369.820052251996,384
2011-05-10 04:00:00,39.3605756338882,2
2011-05-10 09:00:00,256.766285606088,205
2011-05-10 10:00:00,219.28849981294,127
2011-05-10 16:00:00,384.996930064652,327
2011-05-11 14:00:00,280.629127538143,177
2011-05-11 20:00:00,260.515809253948,273
2011-05-11 21:00:00,217.364805010832,234
2011-05-12 21:00:00,202.9031383046,223
2011-05-12 22:00:00,161.879278195009,172
2011-05-13 03:00:00,18.981844291907,4
2011-05-13 10:00:00,173.473155846015,130
2011-05-13 18:00:00,373.11294648884,398
2011-05-13 20:00:00,217.578242571956,152
2011-05-14 01:00:00,38.5308982079101,82
2011-05-14 03:00:00,21.5569514906295,35
2011-05-14 11:00:00,184.704124126266,279
2011-05-14 14:00:00,196.42620944352,216
2011-05-14 15:00:00,212.397407735111,294
2011-05-15 00:00:00,35.9694151141573,39
2011-05-15 01:00:00,16.077766933493,47
2011-05-15 12:00:00,280.176154031839,367
2011-05-15 20:00:00,228.79762807683,191
2011-05-15 21:00:00,181.806422739925,151
2011-05-16 07:00:00,260.894471610752,272
2011-05-16 13:00:00,322.923155666632,214
2011-05-16 16:00:00,276.515766362247,226
2011-05-16 17:00:00,460.536977632186,274
2011-05-16 18:00:00,386.407857949834,453
2011-05-16 21:00:00,203.458754995243,177
2011-05-17 00:00:00,62.8693640368198,31
2011-05-17 01:00:00,18.6006581897189,13
2011-05-17 09:00:00,223.733168126816,207
2011-05-17 10:00:00,140.594614547851,104
2011-05-17 13:00:00,227.158300820539,172
2011-05-17 23:00:00,88.953653378796,56
2011-05-19 00:00:00,77.0489749658856,29
2011-05-19 07:00:00,219.640942605065,257
2011-05-19 08:00:00,380.460290206247,487
2011-05-19 13:00:00,237.477355190241,183
2011-05-19 20:00:00,250.300381629359,282
2011-05-19 21:00:00,203.309176292454,209
2011-06-01 04:00:00,42.7689148967865,4
2011-06-01 19:00:00,340.718197475818,264
2011-06-01 22:00:00,211.737925246317,129
2011-06-02 05:00:00,126.85028250987,31
2011-06-02 12:00:00,348.060702958409,232
2011-06-02 13:00:00,356.925101134617,203
2011-06-03 08:00:00,414.924224950748,502
2011-06-03 10:00:00,257.06426831715,161
2011-06-03 20:00:00,308.15471911457,293
2011-06-04 00:00:00,111.207866088766,93
2011-06-04 04:00:00,58.4555686771743,15
2011-06-04 10:00:00,257.984287126325,317
2011-06-04 19:00:00,369.379566308335,285
2011-06-04 21:00:00,225.225821365586,185
2011-06-04 23:00:00,139.348255428894,150
2011-06-05 04:00:00,43.264826756,12
2011-06-05 06:00:00,123.601866626684,21
2011-06-05 07:00:00,243.622539900722,27
2011-06-05 09:00:00,224.733035196244,164
2011-06-05 11:00:00,204.551562945651,335
2011-06-05 12:00:00,242.762592537381,335
2011-06-05 13:00:00,275.739036222678,367
2011-06-05 16:00:00,354.986188255514,398
2011-06-05 18:00:00,465.167279971347,363
2011-06-05 20:00:00,259.171556901409,279
2011-06-05 21:00:00,202.985886817882,165
2011-06-06 03:00:00,34.9768571302884,5
2011-06-06 08:00:00,426.572428641285,438
2011-06-06 11:00:00,285.570378972398,111
2011-06-06 12:00:00,331.726822909056,153
2011-06-06 13:00:00,338.406108381021,180
2011-06-06 16:00:00,384.686342909571,267
2011-06-06 23:00:00,139.823111463769,60
2011-06-07 02:00:00,68.9255038006672,5
2011-06-07 03:00:00,57.6919707941215,2
2011-06-07 05:00:00,49.8663921981147,32
2011-06-07 07:00:00,260.632985960664,334
2011-06-07 16:00:00,391.345614082145,308
2011-06-08 03:00:00,50.4331777837432,3
2011-06-08 07:00:00,289.584841997237,353
2011-06-08 08:00:00,477.899805590267,481
2011-06-08 10:00:00,291.597380345313,90
2011-06-08 11:00:00,318.102788440285,134
2011-06-08 16:00:00,436.705163747261,233
2011-06-08 18:00:00,549.844826366349,459
2011-06-08 19:00:00,410.175405990199,384
2011-06-08 21:00:00,272.350604779523,202
2011-06-09 09:00:00,356.66552516209,168
2011-06-09 15:00:00,379.093485130953,104
2011-06-10 02:00:00,101.073044165349,13
2011-06-10 15:00:00,342.596367408734,212
2011-06-10 16:00:00,397.369390653991,285
2011-06-10 19:00:00,400.068757361236,306
2011-06-10 20:00:00,308.642531425177,250
2011-06-11 05:00:00,103.976637304903,16
2011-06-11 06:00:00,183.502929486774,40
2011-06-11 07:00:00,328.662143779778,68
2011-06-11 18:00:00,460.829436796563,286
2011-06-12 02:00:00,52.9897361759107,66
2011-06-12 18:00:00,452.030206077125,256
2011-06-13 00:00:00,97.5203755269972,28
2011-06-13 01:00:00,84.6527091945073,16
2011-06-13 10:00:00,244.931638630932,118
2011-06-13 17:00:00,517.503313985048,601
2011-06-13 19:00:00,375.070069863404,423
2011-06-13 23:00:00,160.968205450513,89
2011-06-14 03:00:00,67.1058814541612,2
2011-06-14 08:00:00,429.839748712009,486
2011-06-14 09:00:00,294.274984951744,193
2011-06-14 19:00:00,359.891618631004,386
2011-06-15 01:00:00,66.8169041366051,14
2011-06-15 14:00:00,305.688595016108,178
2011-06-16 17:00:00,444.405521852058,272
2011-06-16 23:00:00,69.4946814782196,16
2011-06-17 02:00:00,42.6785855138506,13
2011-06-17 10:00:00,250.076494547801,170
2011-06-17 12:00:00,300.783586314848,243
2011-06-17 16:00:00,382.972230779671,355
2011-06-18 07:00:00,285.791093606975,57
2011-06-18 09:00:00,308.532946838709,218
2011-06-18 10:00:00,256.389394786501,244
2011-06-18 11:00:00,275.605808875951,404
2011-06-19 02:00:00,82.5464785451594,72
2011-06-19 09:00:00,250.019550512949,169
2011-06-19 15:00:00,267.117234799881,362
2011-06-19 18:00:00,451.513379416369,296
2011-06-19 20:00:00,268.93466373942,232
2011-06-19 21:00:00,207.948742288655,167
2011-06-19 22:00:00,165.661201971575,152
2011-07-01 00:00:00,108.418726662985,68
2011-07-01 06:00:00,130.546797415434,108
2011-07-01 07:00:00,282.676745974122,243
2011-07-01 13:00:00,328.550773712323,292
2011-07-01 16:00:00,390.354416719569,427
2011-07-01 22:00:00,193.514042049455,222
2011-07-02 01:00:00,87.2619845872531,78
2011-07-02 03:00:00,68.1029251657303,26
2011-07-02 04:00:00,56.6250658372626,11
2011-07-02 11:00:00,286.422157921785,357
2011-07-02 20:00:00,291.94722098579,284
2011-07-03 01:00:00,50.586310666468,78
2011-07-03 03:00:00,0.0408415361297579,33
2011-07-03 04:00:00,1.59764804807304,5
2011-07-03 07:00:00,201.184519675163,25
2011-07-03 09:00:00,250.816161182516,181
2011-07-03 10:00:00,210.458224569026,264
2011-07-03 11:00:00,238.869103405097,390
2011-07-03 13:00:00,294.521193356946,421
2011-07-03 19:00:00,268.954334582876,183
2011-07-04 03:00:00,22.972453985752,26
2011-07-04 05:00:00,7.94831459155169,4
2011-07-04 07:00:00,238.504911380014,36
2011-07-04 17:00:00,502.124943784299,436
2011-07-05 05:00:00,60.6043211610361,20
2011-07-05 14:00:00,273.082294459834,178
2011-07-05 15:00:00,297.9589573698,162
2011-07-05 19:00:00,367.418184641249,368
2011-07-06 00:00:00,100.853062187835,37
2011-07-06 01:00:00,73.3834198734027,15
2011-07-06 07:00:00,249.773973559089,312
2011-07-06 14:00:00,252.28279926525,163
2011-07-06 15:00:00,264.413796463051,185
2011-07-06 19:00:00,340.368165797502,394
2011-07-07 09:00:00,276.321719932371,179
2011-07-07 12:00:00,329.629703506747,171
2011-07-07 17:00:00,536.930928888567,569
2011-07-08 02:00:00,48.3152881348048,22
2011-07-08 09:00:00,262.306770108048,241
2011-07-08 17:00:00,384.238746733096,167
2011-07-08 18:00:00,410.801638470874,316
2011-07-09 15:00:00,319.180705055215,402
2011-07-09 17:00:00,538.552356755656,401
2011-07-09 21:00:00,229.330199116378,238
2011-07-10 00:00:00,94.8550165135689,154
2011-07-10 05:00:00,51.1478812639638,17
2011-07-10 09:00:00,269.219720481554,169
2011-07-10 15:00:00,300.288132911444,361
2011-07-10 17:00:00,520.619834885334,363
2011-07-10 18:00:00,480.579064276795,363
2011-07-10 19:00:00,367.92966768981,303
2011-07-11 00:00:00,97.1437391964026,35
2011-07-11 05:00:00,57.2768050405874,26
2011-07-11 11:00:00,271.283210548569,128
2011-07-11 12:00:00,317.728654613473,148
2011-07-11 13:00:00,325.382620164681,141
2011-07-11 15:00:00,308.763588966323,146
2011-07-12 10:00:00,252.210531825183,123
2011-07-13 03:00:00,80.2697041618026,4
2011-07-13 07:00:00,303.482563743644,313
2011-07-13 14:00:00,236.598009490474,116
2011-07-13 16:00:00,251.12087195565,141
2011-07-14 04:00:00,61.1553477929166,6
2011-07-14 09:00:00,280.101724976437,224
2011-07-14 18:00:00,463.457006738165,578
2011-07-15 02:00:00,39.8278363507672,38
2011-07-15 03:00:00,35.6036553866003,7
2011-07-15 16:00:00,337.554061377828,361
2011-07-15 23:00:00,126.15156367218,167
2011-07-16 01:00:00,58.9929103963934,75
2011-07-16 02:00:00,49.4122955918686,58
2011-07-16 07:00:00,256.287740865885,52
2011-07-16 13:00:00,304.67449921327,497
2011-07-16 22:00:00,176.217093634028,201
2011-07-17 02:00:00,45.4651316703007,94
2011-07-17 06:00:00,103.076149400176,21
2011-07-17 08:00:00,407.688623033061,118
2011-07-17 11:00:00,243.380354644088,391
2011-07-17 22:00:00,166.533616042674,181
2011-07-18 02:00:00,41.2985145963493,10
2011-07-18 03:00:00,34.8652329570409,7
2011-07-18 05:00:00,45.8586098130292,17
2011-07-18 06:00:00,100.540632744873,105
2011-07-18 07:00:00,261.247243487471,277
2011-07-18 08:00:00,414.371559095278,347
2011-07-18 09:00:00,274.38859398473,203
2011-07-18 11:00:00,264.665266688248,141
2011-07-18 15:00:00,301.84201517196,164
2011-07-18 17:00:00,520.924666744156,545
2011-07-18 21:00:00,213.701029734684,202
2011-07-19 02:00:00,72.8166848247455,13
2011-07-19 04:00:00,63.139958330143,5
2011-07-19 16:00:00,392.027841851417,277
2011-07-19 18:00:00,468.874595851805,530
2011-07-19 19:00:00,341.334223154631,388
2011-07-19 20:00:00,255.9719287933,277
2011-07-19 22:00:00,171.087396518697,156
2011-08-01 00:00:00,113.248711731233,29
2011-08-01 05:00:00,59.7544816727179,26
2011-08-01 09:00:00,331.899714604642,166
2011-08-01 10:00:00,286.452526495668,97
2011-08-01 19:00:00,364.95546876747,413
2011-08-02 00:00:00,89.6346241454279,29
2011-08-02 08:00:00,448.469814009616,435
2011-08-02 11:00:00,300.458412298351,128
2011-08-02 21:00:00,255.073648848749,254
2011-08-02 23:00:00,160.444841778128,132
2011-08-03 05:00:00,93.8311908572496,24
2011-08-03 15:00:00,226.42236485866,118
2011-08-03 19:00:00,280.777419293206,321
2011-08-04 06:00:00,103.699768241571,97
2011-08-04 08:00:00,396.614404683755,398
2011-08-04 11:00:00,229.567011304946,149
2011-08-04 15:00:00,305.130163374749,165
2011-08-04 18:00:00,445.141195259393,523
2011-08-04 22:00:00,170.190386381401,174
2011-08-04 23:00:00,127.359189155007,132
2011-08-05 08:00:00,440.096430707143,454
2011-08-05 14:00:00,260.644447330703,245
2011-08-05 15:00:00,292.758288815557,210
2011-08-06 03:00:00,33.9879027339544,42
2011-08-06 09:00:00,295.008170607738,215
2011-08-06 11:00:00,276.075748758839,349
2011-08-06 17:00:00,440.053562969666,149
2011-08-07 01:00:00,44.0561146264125,73
2011-08-07 05:00:00,63.0212445229461,5
2011-08-07 13:00:00,350.984485455395,324
2011-08-07 16:00:00,270.752536427089,193
2011-08-07 18:00:00,441.776988848554,229
2011-08-07 19:00:00,333.232805512706,228
2011-08-08 04:00:00,36.9649857484242,10
2011-08-08 12:00:00,327.989141486994,182
2011-08-08 13:00:00,332.459326283819,151
2011-08-08 16:00:00,392.328238938373,282
2011-08-08 19:00:00,396.291285853108,416
2011-08-08 23:00:00,153.896359278457,72
2011-08-09 09:00:00,279.598539993641,175
2011-08-09 11:00:00,274.88866079111,149
2011-08-09 19:00:00,385.913085987944,371
2011-08-10 01:00:00,109.056818088341,17
2011-08-10 04:00:00,88.270784424377,5
2011-08-10 08:00:00,457.001851333151,399
2011-08-10 14:00:00,308.912289694627,178
2011-08-10 16:00:00,402.924112174867,282
2011-08-10 18:00:00,512.551191605106,559
2011-08-10 19:00:00,405.37309653056,413
2011-08-10 20:00:00,308.881607069917,312
2011-08-11 00:00:00,132.276150526493,46
2011-08-11 04:00:00,73.7875394451156,5
2011-08-11 12:00:00,329.823453608216,214
2011-08-11 15:00:00,321.225808172226,178
2011-08-12 04:00:00,77.2666912695607,5
2011-08-12 08:00:00,459.703474163946,426
2011-08-12 10:00:00,262.536865977028,130
2011-08-12 14:00:00,308.03872358898,186
2011-08-12 22:00:00,195.055656379038,231
2011-08-13 00:00:00,128.729906815186,84
2011-08-13 01:00:00,78.7008993274003,77
2011-08-13 03:00:00,73.0547146303496,27
2011-08-13 05:00:00,76.3823191045537,18
2011-08-13 06:00:00,138.073694078776,22
2011-08-13 07:00:00,255.001019805758,44
2011-08-13 11:00:00,231.086031118223,314
2011-08-13 13:00:00,267.070881563544,153
2011-08-14 08:00:00,363.795863957479,41
2011-08-14 15:00:00,265.326258576993,331
2011-08-14 16:00:00,330.332216925231,292
2011-08-14 19:00:00,338.033056879944,259
2011-08-14 23:00:00,40.7212695712738,27
2011-08-15 00:00:00,8.40228831071116,25
2011-08-15 01:00:00,12.8876977964833,10
2011-08-15 04:00:00,28.8569672999613,5
2011-08-15 06:00:00,98.3444540344766,90
2011-08-15 09:00:00,245.907231907486,222
2011-08-15 23:00:00,121.99190010143,88
2011-08-16 01:00:00,69.1889636791697,16
2011-08-16 14:00:00,275.093737054387,182
2011-08-17 00:00:00,98.4556615972087,24
2011-08-17 06:00:00,120.280102415616,105
2011-08-17 07:00:00,280.394083095926,308
2011-08-17 15:00:00,309.952709569811,159
2011-08-17 17:00:00,523.853059757815,552
2011-08-17 19:00:00,371.241312645203,347
2011-08-17 20:00:00,282.024187384287,280
2011-08-18 07:00:00,262.600661337569,308
2011-08-18 09:00:00,288.120257335833,228
2011-08-18 12:00:00,321.673223155666,173
2011-08-19 01:00:00,5.87113744438549,20
2011-08-19 04:00:00,44.968414212606,8
2011-08-19 09:00:00,284.286427183857,218
2011-08-19 13:00:00,279.161540623881,232
2011-08-19 23:00:00,71.8152894482833,106
2011-09-01 05:00:00,83.3911543662784,23
2011-09-01 11:00:00,296.804929811971,192
2011-09-01 12:00:00,310.638901737265,229
2011-09-01 16:00:00,387.280441288117,308
2011-09-01 17:00:00,533.700720295394,628
2011-09-01 20:00:00,296.001049143902,280
2011-09-01 21:00:00,228.47298723435,177
2011-09-01 22:00:00,192.80339077759,179
2011-09-02 06:00:00,148.989297425829,76
2011-09-02 10:00:00,210.548000705327,140
2011-09-02 12:00:00,280.05005995347,260
2011-09-03 04:00:00,92.2460627159002,7
2011-09-03 06:00:00,168.742901492794,23
2011-09-03 09:00:00,283.959219383541,201
2011-09-03 10:00:00,204.660866898366,258
2011-09-03 15:00:00,308.456686348896,388
2011-09-03 17:00:00,525.908237502443,371
2011-09-03 18:00:00,495.732981785726,339
2011-09-04 15:00:00,316.520347717175,410
2011-09-04 16:00:00,393.600921632377,337
2011-09-04 18:00:00,496.218649020237,356
2011-09-04 20:00:00,300.088440842121,229
2011-09-04 22:00:00,186.065217310539,155
2011-09-05 06:00:00,137.432567476655,11
2011-09-05 11:00:00,235.864390597907,308
2011-09-05 12:00:00,283.269884936259,353
2011-09-06 09:00:00,226.414811170816,185
2011-09-06 10:00:00,141.356157044957,106
2011-09-06 13:00:00,193.388270631139,29
2011-09-06 16:00:00,237.34236662494,106
2011-09-06 21:00:00,133.669787066754,121
2011-09-06 23:00:00,54.7775852015424,58
2011-09-07 05:00:00,30.8275133865314,16
2011-09-07 13:00:00,211.27737680483,11
2011-09-07 17:00:00,423.200474082636,285
2011-09-08 04:00:00,35.7067965687793,3
2011-09-08 13:00:00,268.599057147727,126
2011-09-09 06:00:00,104.794616257255,57
2011-09-09 07:00:00,217.327728604853,108
2011-09-09 12:00:00,268.415035493873,75
2011-09-09 14:00:00,288.29391024573,148
2011-09-09 18:00:00,479.163158473145,410
2011-09-10 08:00:00,437.773318958399,119
2011-09-10 12:00:00,332.023727977988,404
2011-09-10 16:00:00,391.008561776536,431
2011-09-10 18:00:00,505.044484391954,360
2011-09-10 19:00:00,395.931658964717,315
2011-09-11 02:00:00,56.4440587251545,76
2011-09-11 09:00:00,287.234604231065,227
2011-09-11 12:00:00,305.264161572203,411
2011-09-11 13:00:00,322.112591870033,350
2011-09-12 04:00:00,38.2570944003951,4
2011-09-12 17:00:00,531.767594347753,590
2011-09-12 22:00:00,174.473606779809,150
2011-09-13 03:00:00,56.5112627610433,4
2011-09-13 05:00:00,62.7043882497942,20
2011-09-13 06:00:00,124.395763224017,122
2011-09-13 11:00:00,275.549521604097,153
2011-09-13 12:00:00,322.009595474797,187
2011-09-13 13:00:00,331.280031638858,184
2011-09-14 03:00:00,58.876960456039,8
2011-09-14 14:00:00,316.010266231212,124
2011-09-14 16:00:00,391.633159218209,277
2011-09-14 17:00:00,544.078752023518,599
2011-09-14 23:00:00,136.200994145393,72
2011-09-15 08:00:00,449.592594919574,391
2011-09-15 10:00:00,219.838502563945,121
2011-09-15 11:00:00,248.264011205812,159
2011-09-15 14:00:00,243.894045952981,170
2011-09-16 01:00:00,55.0088813249729,26
2011-09-16 02:00:00,40.0740028676169,10
2011-09-16 03:00:00,28.8404698610712,6
2011-09-16 17:00:00,462.02856193976,566
2011-09-17 00:00:00,83.3985424485804,108
2011-09-17 01:00:00,63.506894267916,80
2011-09-17 04:00:00,48.0897540625787,5
2011-09-17 15:00:00,224.110911422196,354
2011-09-17 16:00:00,322.703021989287,305
2011-09-17 19:00:00,335.860533650642,256
2011-09-18 01:00:00,42.4052214490044,79
2011-09-18 05:00:00,36.4392813935077,6
2011-09-18 06:00:00,98.13065636773,12
2011-09-18 08:00:00,389.125192263019,69
2011-09-18 17:00:00,443.664600423106,325
2011-09-18 18:00:00,417.32954580018,289
2011-09-19 10:00:00,190.801168806515,105
2011-09-19 15:00:00,253.561892888447,187
2011-09-19 16:00:00,318.567851236685,263
2011-09-19 18:00:00,415.778067389224,540
2011-09-19 23:00:00,106.142697509996,68
2011-10-01 05:00:00,69.1139784679347,5
2011-10-02 08:00:00,350.655210199817,64
2011-10-02 10:00:00,144.029125108931,248
2011-10-02 17:00:00,365.507348941487,167
2011-10-02 20:00:00,183.333960467634,87
2011-10-03 05:00:00,21.8307322607663,21
2011-10-03 20:00:00,176.70524368561,204
2011-10-04 09:00:00,269.121207824283,187
2011-10-05 07:00:00,275.421643836451,301
2011-10-05 08:00:00,448.884249095987,467
2011-10-05 17:00:00,545.268211919,591
2011-10-05 18:00:00,503.042328606219,593
2011-10-05 20:00:00,264.977132557849,246
2011-10-06 04:00:00,73.3263514246321,5
2011-10-06 09:00:00,279.247420932845,208
2011-10-06 13:00:00,320.454352303886,191
2011-10-06 16:00:00,372.657492576657,323
2011-10-07 04:00:00,41.3860511853321,5
2011-10-07 12:00:00,336.702012249475,235
2011-10-07 13:00:00,342.827285435846,305
2011-10-07 17:00:00,535.386773141167,563
2011-10-08 04:00:00,42.5950701227534,10
2011-10-08 08:00:00,422.175690167696,103
2011-10-08 09:00:00,281.889095123106,217
2011-10-08 15:00:00,346.266672768019,496
2011-10-08 16:00:00,403.32721677133,451
2011-10-08 19:00:00,367.579006296746,248
2011-10-08 22:00:00,184.571884142852,149
2011-10-09 11:00:00,287.909831382482,423
2011-10-09 17:00:00,517.796269823526,438
2011-10-09 20:00:00,270.863516148718,193
2011-10-09 22:00:00,132.941443834761,152
2011-10-10 00:00:00,82.6537895439583,53
2011-10-10 06:00:00,107.764419170562,44
2011-10-10 18:00:00,475.883660544745,473
2011-10-10 19:00:00,327.62821981958,336
2011-10-11 00:00:00,79.8259707013336,30
2011-10-11 06:00:00,144.822436667273,123
2011-10-11 08:00:00,412.008556987515,406
2011-10-11 09:00:00,284.795245560031,235
2011-10-11 12:00:00,279.620992234893,181
2011-10-11 13:00:00,279.025913507133,180
2011-10-11 14:00:00,223.386096835354,171
2011-10-11 17:00:00,474.176551904549,604
2011-10-11 18:00:00,444.001296187832,539
2011-10-12 07:00:00,261.944977190804,259
2011-10-12 13:00:00,223.75863590316,101
2011-10-12 18:00:00,389.983068985553,172
2011-10-12 19:00:00,286.239137016943,109
2011-10-12 21:00:00,152.519549057405,83
2011-10-13 03:00:00,37.725784536791,6
2011-10-13 05:00:00,54.0880548514061,17
2011-10-13 13:00:00,279.792648067668,162
2011-10-13 20:00:00,288.297264528935,181
2011-10-14 09:00:00,254.708126179424,180
2011-10-14 14:00:00,317.589840228536,156
2011-10-14 15:00:00,333.561038520127,230
2011-10-14 18:00:00,496.589288996611,423
2011-10-14 21:00:00,248.387982151209,178
2011-10-14 23:00:00,151.09222098696,95
2011-10-15 14:00:00,326.620287184044,472
2011-10-15 18:00:00,499.164396195333,372
2011-10-15 21:00:00,253.843240170274,168
2011-10-15 23:00:00,176.317126566363,135
2011-10-16 02:00:00,74.3723861035806,65
2011-10-16 06:00:00,118.948737993045,10
2011-10-16 12:00:00,326.036676953589,444
2011-10-16 16:00:00,378.815368817381,466
2011-10-16 17:00:00,514.160884837359,405
2011-10-16 21:00:00,238.679102901379,102
2011-10-17 02:00:00,118.039674673205,7
2011-10-17 12:00:00,321.996455904348,205
2011-10-17 18:00:00,474.185106430717,518
2011-10-17 20:00:00,262.429081720094,229
2011-10-17 21:00:00,210.068982924562,177
2011-10-17 22:00:00,174.399386467802,104
2011-10-18 03:00:00,34.7619241475976,1
2011-10-18 06:00:00,129.690436370636,109
2011-10-18 10:00:00,211.837811653414,102
2011-10-18 13:00:00,323.350830189252,219
2011-10-18 21:00:00,203.597429389617,206
2011-10-18 23:00:00,116.456183245436,70
2011-10-19 08:00:00,398.778675307608,210
2011-10-19 09:00:00,220.318873403641,202
2011-10-19 20:00:00,214.706544968065,145
2011-11-01 05:00:00,21.2501945296003,18
2011-11-01 09:00:00,248.251486336464,222
2011-11-01 10:00:00,204.053348629184,135
2011-11-01 18:00:00,431.341755940846,460
2011-11-02 04:00:00,3.76915286823889,4
2011-11-02 05:00:00,24.3349183115955,27
2011-11-02 20:00:00,237.61586323442,182
2011-11-03 01:00:00,33.5021465998691,15
2011-11-03 14:00:00,266.955783549424,152
2011-11-03 16:00:00,351.773141283043,267
2011-11-03 20:00:00,240.435101450243,209
2011-11-03 22:00:00,141.859482995824,137
2011-11-04 01:00:00,31.4740340944933,17
2011-11-04 02:00:00,31.4939220244433,10
2011-11-04 03:00:00,4.33094255134854,8
2011-11-04 07:00:00,225.623701586295,245
2011-11-04 09:00:00,233.498566678738,254
2011-11-04 17:00:00,489.788142849628,480
2011-11-04 22:00:00,154.247693666036,115
2011-11-04 23:00:00,110.760076100237,89
2011-11-05 02:00:00,45.8064234586418,31
2011-11-05 03:00:00,34.572890452096,8
2011-11-05 06:00:00,94.2229764418957,23
2011-11-05 07:00:00,231.133146455931,34
2011-11-05 20:00:00,223.7939958488,165
2011-11-05 22:00:00,136.724350869955,82
2011-11-06 00:00:00,36.5673062684009,75
2011-11-06 01:00:00,5.54646298842489,115
2011-11-06 10:00:00,171.886914301706,262
2011-11-06 11:00:00,217.084881823962,320
2011-11-06 14:00:00,237.04138161439,320
2011-11-07 03:00:00,-0.727112663517133,3
2011-11-07 06:00:00,42.2263178474258,99
2011-11-07 08:00:00,319.491149786204,410
2011-11-07 10:00:00,149.885380020107,123
2011-11-07 15:00:00,303.237616286202,170
2011-11-07 17:00:00,496.916714682084,528
2011-11-07 18:00:00,442.577598025645,425
2011-11-07 19:00:00,338.833666057034,300
2011-11-07 21:00:00,167.346909225973,139
2011-11-08 03:00:00,3.56045373037901,3
2011-11-08 08:00:00,354.470087772815,466
2011-11-08 11:00:00,227.663976098018,147
2011-11-08 16:00:00,358.130386926624,289
2011-11-08 20:00:00,223.994574415402,181
2011-11-09 19:00:00,323.546799687141,304
2011-11-09 22:00:00,134.794005698358,114
2011-11-10 02:00:00,6.0600099354171,5
2011-11-10 05:00:00,-4.35864920610815,23
2011-11-10 12:00:00,233.220601832836,167
2011-11-10 14:00:00,135.050718563042,64
2011-11-10 15:00:00,156.782218495318,62
2011-11-10 16:00:00,224.011907324493,73
2011-11-10 18:00:00,370.659302079521,273
2011-11-10 20:00:00,201.964513843528,168
2011-11-11 02:00:00,37.2760728386466,11
2011-11-11 06:00:00,104.89363129085,46
2011-11-11 13:00:00,271.341160059161,236
2011-11-11 17:00:00,451.992230528446,310
2011-11-11 19:00:00,317.151610346366,199
2011-11-11 23:00:00,107.154959184612,73
2011-11-12 00:00:00,49.8897630733136,64
2011-11-12 06:00:00,71.3227957096627,7
2011-11-12 08:00:00,367.686225063579,101
2011-11-12 09:00:00,233.44893178792,160
2011-11-12 15:00:00,310.367359037374,386
2011-11-12 23:00:00,132.797606697864,101
2011-11-13 03:00:00,4.81879032567389,28
2011-11-13 10:00:00,216.678065021404,241
2011-11-13 20:00:00,289.341226066451,139
2011-11-13 23:00:00,139.293957924611,67
2011-11-14 00:00:00,106.303926518847,30
2011-11-14 01:00:00,82.5720772443928,11
2011-11-14 02:00:00,76.8316635336579,17
2011-11-14 06:00:00,105.280002035655,114
2011-11-14 22:00:00,210.269035241933,113
2011-11-15 04:00:00,91.537359200362,7
2011-11-15 12:00:00,258.158640684786,176
2011-11-15 13:00:00,240.866906478169,153
2011-11-15 15:00:00,249.952403430853,191
2011-11-15 17:00:00,445.145564385777,451
2011-11-15 20:00:00,215.303529331197,238
2011-11-15 23:00:00,78.2909270297676,80
2011-11-16 08:00:00,348.52417371918,232
2011-11-16 10:00:00,133.952674283366,36
2011-11-16 14:00:00,178.139036257196,61
2011-11-16 16:00:00,245.868330329899,123
2011-11-16 20:00:00,178.463798997161,99
2011-11-16 22:00:00,90.4341037448683,46
2011-11-16 23:00:00,52.9717999771014,31
2011-11-17 01:00:00,34.0441840389797,5
2011-11-17 12:00:00,216.349329126027,121
2011-11-17 22:00:00,124.25696409409,84
2011-11-17 23:00:00,89.0183908072602,58
2011-11-18 02:00:00,34.8342976832099,10
2011-11-18 06:00:00,102.942078143891,71
2011-11-18 14:00:00,237.206599939629,154
2011-11-18 21:00:00,174.128869486753,111
2011-11-18 22:00:00,131.473908958513,97
2011-11-19 02:00:00,28.0979022757042,46
2011-11-19 04:00:00,27.0376402712298,8
2011-11-19 05:00:00,31.0175389086321,2
2011-11-19 10:00:00,193.193403228241,200
2011-11-19 12:00:00,288.324225503828,311
2011-12-01 01:00:00,28.9870199234808,10
2011-12-01 02:00:00,24.8777066313943,9
2011-12-01 08:00:00,368.697638695117,477
2011-12-01 11:00:00,209.78225173567,102
2011-12-01 20:00:00,241.983906348581,190
2011-12-02 00:00:00,48.7188407150309,38
2011-12-02 05:00:00,7.89185628576828,23
2011-12-02 06:00:00,71.7923319351321,87
2011-12-02 21:00:00,192.672933418741,111
2011-12-02 22:00:00,147.80887221536,102
2011-12-03 07:00:00,213.868759839985,26
2011-12-03 10:00:00,183.468392969369,195
2011-12-03 17:00:00,454.447585681532,232
2011-12-03 22:00:00,120.535620235208,114
2011-12-04 01:00:00,21.0237840256354,74
2011-12-04 03:00:00,0.904674330665088,41
2011-12-04 04:00:00,-14.4280158973881,11
2011-12-04 05:00:00,6.13774954596852,4
2011-12-04 09:00:00,203.582298983584,126
2011-12-04 10:00:00,147.965966048745,216
2011-12-04 20:00:00,205.38536057824,124
2011-12-05 01:00:00,23.2100986546576,12
2011-12-05 09:00:00,193.442183542234,190
2011-12-05 11:00:00,153.897101719156,123
2011-12-05 13:00:00,225.175008203511,171
2011-12-05 17:00:00,445.951754669058,446
2011-12-05 18:00:00,421.145392410968,399
2011-12-05 20:00:00,212.610334079568,205
2011-12-06 02:00:00,29.1436270179025,3
2011-12-06 10:00:00,131.134851159032,50
2011-12-06 13:00:00,182.206914471767,71
2011-12-06 14:00:00,156.313048925052,75
2011-12-06 16:00:00,231.921312106253,88
2011-12-06 23:00:00,49.3565306828554,53
2011-12-07 01:00:00,26.4241732583636,13
2011-12-07 08:00:00,338.612571385873,86
2011-12-07 12:00:00,181.46851563124,33
2011-12-08 00:00:00,-3.62884762051466,21
2011-12-08 02:00:00,26.0243489792768,4
2011-12-08 07:00:00,216.253731397614,244
2011-12-08 16:00:00,297.807638350226,208
2011-12-08 21:00:00,164.499896339879,139
2011-12-09 06:00:00,69.5832312599906,63
2011-12-09 09:00:00,204.376355449936,264
2011-12-09 12:00:00,248.451256500996,173
2011-12-09 15:00:00,255.135995357253,189
2011-12-09 23:00:00,77.1748348356844,94
2011-12-10 02:00:00,15.279544469776,60
2011-12-10 09:00:00,224.864799939219,149
2011-12-10 10:00:00,182.87576290708,192
2011-12-10 12:00:00,249.614709194489,283
2011-12-10 13:00:00,264.934447127482,286
2011-12-10 16:00:00,312.174731929479,241
2011-12-11 05:00:00,1.3797101828184,6
2011-12-11 11:00:00,197.476372627632,197
2011-12-12 02:00:00,2.58111853160325,4
2011-12-12 11:00:00,153.01788122649,115
2011-12-12 15:00:00,194.29984296134,132
2011-12-12 18:00:00,401.558982685223,357
2011-12-12 19:00:00,287.645905890749,241
2011-12-12 22:00:00,112.231407676418,71
2011-12-13 04:00:00,-19.1288962177101,4
2011-12-13 07:00:00,174.689293149604,223
2011-12-13 18:00:00,419.817277222078,382
2011-12-13 20:00:00,225.239749379698,161
2011-12-14 07:00:00,224.545464247916,247
2011-12-14 09:00:00,207.083221400475,239
2011-12-14 15:00:00,218.029195864663,167
2011-12-14 16:00:00,283.035154212901,245
2011-12-14 17:00:00,425.022602064099,396
2011-12-14 23:00:00,88.9763741604125,51
2011-12-15 04:00:00,-2.10652943754161,6
2011-12-15 07:00:00,237.901267500761,258
2011-12-15 21:00:00,223.773575484042,155
2011-12-16 00:00:00,113.346783512025,72
2011-12-16 05:00:00,114.370602932393,26
2011-12-16 06:00:00,151.522316136644,82
2011-12-16 13:00:00,233.182030895085,137
2011-12-16 15:00:00,208.985005562959,153
2011-12-16 22:00:00,121.903122184086,106
2011-12-17 00:00:00,77.7453296115298,62
2011-12-17 01:00:00,30.5964729440865,43
2011-12-17 04:00:00,10.9836862802837,9
2011-12-17 06:00:00,74.8890828294583,17
2011-12-17 08:00:00,357.952834185616,59
2011-12-17 09:00:00,199.919100181393,100
2011-12-17 16:00:00,290.219971664898,222
2011-12-17 20:00:00,186.435937994967,106
2011-12-17 21:00:00,130.539268039687,96
2011-12-18 01:00:00,-2.24022269036396,46
2011-12-18 04:00:00,-3.29522657068411,1
2011-12-18 11:00:00,134.87813216002,188
2011-12-18 13:00:00,223.509114462638,228
2011-12-18 21:00:00,136.809224885782,89
2011-12-19 05:00:00,-38.0653331243716,21
2011-12-19 13:00:00,240.361195350719,142
2011-12-19 17:00:00,464.990156034472,378
2011-12-19 18:00:00,421.187604415055,354
2012-01-01 03:00:00,-69.8322184946813,52
2012-01-01 09:00:00,106.574852597185,40
2012-01-01 23:00:00,64.811802394496,29
2012-01-02 02:00:00,-6.64489611421531,7
2012-01-02 04:00:00,-48.3284898396559,4
2012-01-02 11:00:00,113.452062585864,175
2012-01-02 20:00:00,131.659001084918,88
2012-01-03 00:00:00,-35.1751670513816,13
2012-01-03 01:00:00,-64.2759097844626,6
2012-01-03 11:00:00,92.9276974067855,75
2012-01-03 12:00:00,131.138726998516,74
2012-01-03 13:00:00,131.200068610161,73
2012-01-03 16:00:00,165.391057765952,136
2012-01-03 21:00:00,54.7717319129805,68
2012-01-03 22:00:00,9.50163272174586,33
2012-01-04 09:00:00,95.707629489905,180
2012-01-04 13:00:00,95.9130186118608,91
2012-01-04 20:00:00,106.590772930887,123
2012-01-04 21:00:00,64.625028812349,90
2012-01-05 08:00:00,254.586314312485,388
2012-01-05 11:00:00,135.370171617939,84
2012-01-05 19:00:00,264.141735774406,265
2012-01-05 21:00:00,87.5510976420652,97
2012-01-06 01:00:00,-54.81797010668,8
2012-01-06 05:00:00,-96.6177808328664,13
2012-01-06 06:00:00,-20.6280598107434,70
2012-01-06 07:00:00,133.764237005577,205
2012-01-06 15:00:00,240.584460508263,222
2012-01-06 16:00:00,305.590418856501,294
2012-01-07 01:00:00,18.4912234678511,62
2012-01-07 03:00:00,-27.344427502578,20
2012-01-07 05:00:00,-46.5642133552437,9
2012-01-07 08:00:00,290.612918841368,64
2012-01-07 19:00:00,312.291177073493,215
2012-01-08 17:00:00,394.29067906104,219
2012-01-09 01:00:00,-49.302274659685,5
2012-01-09 05:00:00,-86.6306364530979,21
2012-01-09 18:00:00,200.271138288312,164
2012-01-10 00:00:00,-84.3269397530174,14
2012-01-10 11:00:00,171.814183945463,101
2012-01-10 17:00:00,411.590125249228,460
2012-01-10 20:00:00,158.646687582184,200
2012-01-11 03:00:00,-81.6415078297716,4
2012-01-11 04:00:00,-92.0955266076752,2
2012-01-11 13:00:00,101.414317294352,65
2012-01-12 02:00:00,-96.2719841437653,2
2012-01-12 04:00:00,-105.948710638368,2
2012-01-12 05:00:00,-94.2884098133856,16
2012-01-12 12:00:00,126.99659122923,144
2012-01-12 20:00:00,146.930151906523,240
2012-01-13 04:00:00,-96.2394289082675,3
2012-01-13 07:00:00,161.653877860862,177
2012-01-13 11:00:00,117.115193620744,114
2012-01-13 12:00:00,157.549953693412,154
2012-01-13 13:00:00,167.10938998572,154
2012-01-14 06:00:00,2.52611596471297,5
2012-01-14 08:00:00,276.380772768454,92
2012-01-14 10:00:00,85.9093439952463,149
2012-01-14 19:00:00,212.840006502435,102
2012-01-15 03:00:00,-113.349845592792,25
2012-01-15 04:00:00,-110.832988807401,6
2012-01-15 14:00:00,109.212046911725,188
2012-01-15 22:00:00,41.5741427070743,60
2012-01-16 09:00:00,92.4561908298973,96
2012-01-16 12:00:00,118.593766619498,185
2012-01-16 18:00:00,308.955624005243,181
2012-01-16 23:00:00,-61.914514761675,28
2012-01-17 01:00:00,-71.4382625038311,2
2012-01-17 05:00:00,-84.4547890597813,13
2012-01-17 09:00:00,87.8658491646638,68
2012-01-17 10:00:00,17.9897879586199,62
2012-01-17 11:00:00,76.7392479820429,75
2012-01-17 12:00:00,105.148552959068,86
2012-01-17 14:00:00,160.495062699978,132
2012-01-17 16:00:00,245.86643271919,219
2012-01-17 18:00:00,368.136769807783,463
2012-01-18 01:00:00,-21.8255252898372,10
2012-01-18 02:00:00,-7.95889554376895,2
2012-01-18 03:00:00,-19.1924285503147,4
2012-01-18 05:00:00,-11.5428198708671,29
2012-01-18 13:00:00,168.575586153655,130
2012-01-18 16:00:00,220.023492260602,176
2012-01-18 20:00:00,139.202245070497,165
2012-01-18 21:00:00,79.5437941043397,124
2012-01-19 05:00:00,-76.9027254175823,19
2012-01-19 15:00:00,140.696893036638,127
2012-01-19 17:00:00,333.771386523748,385
2012-01-19 18:00:00,303.596130807032,361
2012-01-19 21:00:00,96.2699701860047,121
2012-02-01 04:00:00,1.1565015291389,1
2012-02-01 07:00:00,148.919898247198,208
2012-02-01 10:00:00,132.40125846407,133
2012-02-01 15:00:00,262.344867956267,194
2012-02-01 20:00:00,218.276319258859,264
2012-02-02 00:00:00,46.1674841486312,31
2012-02-02 01:00:00,5.73897939532019,17
2012-02-02 03:00:00,-33.4787277147881,2
2012-02-02 08:00:00,276.482611661053,445
2012-02-02 13:00:00,158.075301232401,137
2012-02-02 17:00:00,406.693505627925,450
2012-02-03 06:00:00,18.7527357600468,88
2012-02-03 12:00:00,189.71396443282,216
2012-02-03 13:00:00,196.696879838828,198
2012-02-03 14:00:00,163.225020158344,170
2012-02-03 22:00:00,93.0743853445096,119
2012-02-03 23:00:00,11.7809811304927,77
2012-02-04 00:00:00,-17.0824646655922,86
2012-02-04 02:00:00,-48.0687902098226,44
2012-02-05 07:00:00,107.959031120219,16
2012-02-05 17:00:00,365.47794632494,306
2012-02-05 21:00:00,89.9961643889592,66
2012-02-05 23:00:00,-9.52332725622734,42
2012-02-06 02:00:00,-63.9776015546589,3
2012-02-06 09:00:00,107.916288444794,277
2012-02-06 13:00:00,202.437785136953,141
2012-02-06 14:00:00,181.344170957475,140
2012-02-06 17:00:00,407.086518215032,430
2012-02-07 01:00:00,-34.6099998484419,14
2012-02-07 07:00:00,193.896661379846,299
2012-02-07 08:00:00,326.408317013474,529
2012-02-07 15:00:00,203.685640293392,146
2012-02-07 19:00:00,266.32570182429,338
2012-02-07 21:00:00,108.153252796783,190
2012-02-07 23:00:00,33.4926602074192,51
2012-02-08 00:00:00,-2.75215123830704,23
2012-02-08 01:00:00,-32.8129442448356,10
2012-02-08 05:00:00,-50.5644997390493,20
2012-02-08 06:00:00,-8.81735127518487,98
2012-02-08 07:00:00,123.659987582771,281
2012-02-08 11:00:00,80.1801674425205,102
2012-02-08 13:00:00,129.214313534048,126
2012-02-08 16:00:00,129.981754574522,75
2012-02-09 01:00:00,-90.6092402021357,12
2012-02-09 04:00:00,-104.292871935013,1
2012-02-09 07:00:00,136.106333185347,267
2012-02-09 10:00:00,88.0998531856053,97
2012-02-09 11:00:00,111.725110460235,99
2012-02-09 15:00:00,173.06571988367,134
2012-02-09 22:00:00,50.6788056192794,107
2012-02-10 03:00:00,-40.8587324530579,5
2012-02-10 08:00:00,294.629901164494,448
2012-02-10 23:00:00,0.350811056451261,65
2012-02-11 01:00:00,-90.919887728425,45
2012-02-11 06:00:00,-59.6619436834642,9
2012-02-11 09:00:00,67.5771743436122,90
2012-02-11 11:00:00,69.2986469269672,183
2012-02-11 12:00:00,110.654839496387,221
2012-02-11 19:00:00,192.704911852199,87
2012-02-11 20:00:00,98.1335229384515,63
2012-02-11 23:00:00,-66.0192499901492,20
2012-02-12 06:00:00,-26.0021714171076,2
2012-02-12 09:00:00,101.236946609969,63
2012-02-12 11:00:00,73.7811101596499,124
2012-02-12 19:00:00,192.281121436441,80
2012-02-13 09:00:00,116.20754472785,205
2012-02-13 19:00:00,269.923353725597,263
2012-02-13 21:00:00,106.685641173505,147
2012-02-13 22:00:00,55.086598250196,102
2012-02-14 02:00:00,-41.0936346005853,3
2012-02-14 05:00:00,-68.8078284699607,22
2012-02-14 06:00:00,5.95683012136754,90
2012-02-14 09:00:00,128.777746798161,262
2012-02-14 13:00:00,164.577166933881,173
2012-02-14 15:00:00,173.939689168329,145
2012-02-14 19:00:00,225.441197434811,281
2012-02-15 01:00:00,-2.39855965595094,5
2012-02-15 02:00:00,-26.5425326657236,4
2012-02-15 04:00:00,-54.6468064302631,1
2012-02-15 13:00:00,207.474578612992,170
2012-02-15 20:00:00,176.711161297634,211
2012-02-16 03:00:00,-59.8878974084772,1
2012-02-16 05:00:00,-52.1660795548894,20
2012-02-16 19:00:00,185.482192220569,258
2012-02-17 04:00:00,-98.2794112283552,1
2012-02-17 08:00:00,253.624764688016,520
2012-02-17 09:00:00,97.8147611647305,283
2012-02-17 18:00:00,392.189055162224,377
2012-02-18 01:00:00,-0.721006533774797,45
2012-02-18 03:00:00,-43.778914737673,18
2012-02-18 08:00:00,282.334425996534,102
2012-02-18 10:00:00,79.8135541567849,205
2012-02-18 12:00:00,200.538115910512,369
2012-02-19 00:00:00,-10.9859022399939,74
2012-02-19 11:00:00,75.7108141330909,226
2012-02-19 13:00:00,161.789263520308,261
2012-02-19 17:00:00,337.363095618525,157
2012-03-01 00:00:00,-11.6454227906504,11
2012-03-01 02:00:00,-26.5543275705917,6
2012-03-01 16:00:00,329.165344499362,361
2012-03-01 23:00:00,65.9021479819146,85
2012-03-02 11:00:00,177.547990517901,194
2012-03-03 10:00:00,102.536458208017,168
2012-03-03 19:00:00,319.906819112795,225
2012-03-03 21:00:00,205.388236622206,154
2012-03-03 22:00:00,162.44427596572,134
2012-03-04 05:00:00,-25.0967808472445,5
2012-03-04 12:00:00,186.284087526854,327
2012-03-04 19:00:00,246.757855407647,132
2012-03-05 07:00:00,148.637463583424,260
2012-03-05 09:00:00,126.576191248976,197
2012-03-05 10:00:00,70.959858314138,86
2012-03-05 11:00:00,99.370737150209,103
2012-03-05 14:00:00,105.699941037937,128
2012-03-05 17:00:00,331.620499750839,387
2012-03-05 18:00:00,282.057646490738,375
2012-03-06 01:00:00,-33.2792231695548,6
2012-03-06 06:00:00,20.1440611853214,102
2012-03-06 12:00:00,174.886843263299,138
2012-03-06 16:00:00,257.238091831658,250
2012-03-07 00:00:00,-8.08153042382807,15
2012-03-07 03:00:00,-30.9524092079146,3
2012-03-07 04:00:00,-39.5501177160399,3
2012-03-07 06:00:00,36.9467210608542,108
2012-03-07 09:00:00,167.33100206562,264
2012-03-07 12:00:00,234.482133228722,215
2012-03-07 16:00:00,316.73097374327,288
2012-03-07 17:00:00,463.416264907894,612
2012-03-07 19:00:00,325.102863843183,361
2012-03-07 22:00:00,123.692182390251,159
2012-03-08 03:00:00,16.3507555661708,3
2012-03-09 01:00:00,24.7304613483881,26
2012-03-09 04:00:00,-47.0200111310458,1
2012-03-09 05:00:00,-32.214547328374,29
2012-03-09 08:00:00,330.568299192862,501
2012-03-09 11:00:00,152.680710842987,187
2012-03-09 16:00:00,313.774702987192,343
2012-03-09 17:00:00,459.891352060426,566
2012-03-09 23:00:00,72.0602287464714,86
2012-03-10 01:00:00,15.0707202965486,51
2012-03-10 05:00:00,-14.9713024506549,10
2012-03-10 07:00:00,181.710141990707,40
2012-03-10 12:00:00,200.502804328098,329
2012-03-10 22:00:00,85.4596659407495,100
2012-03-11 04:00:00,-55.7810984932872,22
2012-03-11 07:00:00,143.631194183783,17
2012-03-11 09:00:00,151.114651094169,90
2012-03-11 11:00:00,154.691001795445,299
2012-03-11 12:00:00,216.042051776334,410
2012-03-11 15:00:00,234.636392398148,487
2012-03-11 17:00:00,459.376937557217,498
2012-03-12 14:00:00,218.997853425114,221
2012-03-13 03:00:00,-31.2377736724169,2
2012-03-13 04:00:00,-30.9964627985966,1
2012-03-13 11:00:00,185.46376566333,219
2012-03-13 12:00:00,258.889431211182,244
2012-03-13 15:00:00,283.322493556594,264
2012-03-13 21:00:00,190.40524472298,244
2012-03-14 11:00:00,223.917348885892,220
2012-03-14 18:00:00,481.3399269921,749
2012-03-14 20:00:00,278.943380829504,330
2012-03-15 03:00:00,27.0739126776287,7
2012-03-15 04:00:00,-0.887405402981765,14
2012-03-15 11:00:00,209.58469488575,211
2012-03-15 16:00:00,361.88882811933,426
2012-03-16 03:00:00,-44.3608157189494,3
2012-03-16 04:00:00,-42.8040092070062,3
2012-03-16 05:00:00,-27.9985454043344,32
2012-03-16 09:00:00,168.877361941891,312
2012-03-16 11:00:00,139.501424944678,207
2012-03-16 15:00:00,138.002769714053,107
2012-03-16 17:00:00,360.823214326226,258
2012-03-16 20:00:00,183.560865892514,235
2012-03-16 22:00:00,65.4084411388955,148
2012-03-16 23:00:00,27.9461373711286,126
2012-03-17 06:00:00,34.9018485073093,30
2012-03-17 14:00:00,250.751441966882,690
2012-03-17 17:00:00,490.199505210052,648
2012-03-17 22:00:00,144.137120795232,211
2012-03-17 23:00:00,87.2965776491838,185
2012-03-18 05:00:00,-48.4452115714184,6
2012-03-18 08:00:00,305.200749571541,96
2012-03-18 20:00:00,196.487155217569,198
2012-03-18 22:00:00,108.457459965276,100
2012-03-19 03:00:00,-12.4637780379995,2
2012-03-19 13:00:00,261.952200434453,263
2012-03-19 16:00:00,330.726577707382,385
2012-03-19 19:00:00,330.193003188921,549
2012-03-19 23:00:00,67.8790226043339,54
2012-04-01 01:00:00,-28.844322991378,62
2012-04-01 04:00:00,-52.2068775416424,12
2012-04-01 14:00:00,180.836861200513,561
2012-04-01 18:00:00,422.06472052717,432
2012-04-01 21:00:00,153.895199200511,134
2012-04-01 23:00:00,33.1824306432728,63
2012-04-02 04:00:00,1.40050651388126,4
2012-04-02 14:00:00,229.015155747685,268
2012-04-02 15:00:00,248.435146951008,324
2012-04-02 16:00:00,317.835318678629,395
2012-04-02 19:00:00,343.082075712744,494
2012-04-02 20:00:00,247.550636525548,329
2012-04-02 22:00:00,141.686024065608,123
2012-04-03 03:00:00,21.8035794999467,3
2012-04-03 10:00:00,194.698450353093,219
2012-04-03 20:00:00,279.613460874435,379
2012-04-03 23:00:00,109.796545172256,79
2012-04-04 10:00:00,189.636783171373,167
2012-04-04 16:00:00,328.377005064552,390
2012-04-04 18:00:00,481.049713617613,759
2012-04-05 01:00:00,90.1197011090442,13
2012-04-05 08:00:00,377.196162869867,638
2012-04-05 14:00:00,231.908331968774,287
2012-04-05 16:00:00,325.528746266955,402
2012-04-05 21:00:00,179.288746470008,234
2012-04-06 03:00:00,4.56453388531613,8
2012-04-06 04:00:00,12.1852719719864,5
2012-04-06 13:00:00,260.60094102963,411
2012-04-06 15:00:00,267.147102720852,537
2012-04-06 17:00:00,493.807748426815,655
2012-04-06 23:00:00,125.261814602434,113
2012-04-07 01:00:00,73.0725575197481,69
2012-04-07 04:00:00,24.0958697478364,7
2012-04-07 06:00:00,100.592708524731,19
2012-04-07 16:00:00,353.146357372646,615
2012-04-07 18:00:00,476.376744734686,517
2012-04-08 08:00:00,396.770754967956,84
2012-04-08 11:00:00,233.016498864577,404
2012-04-08 13:00:00,294.013494304153,483
2012-04-08 18:00:00,479.234116747874,310
2012-04-09 04:00:00,62.0462778446079,5
2012-04-09 07:00:00,266.24419208312,331
2012-04-09 15:00:00,280.050605999788,255
2012-04-09 19:00:00,341.730617257238,421
2012-04-09 20:00:00,253.473542269769,276
2012-04-09 23:00:00,109.592613756468,67
2012-04-10 03:00:00,-11.9847721451499,2
2012-04-10 09:00:00,215.44934350978,319
2012-04-10 23:00:00,83.857203743537,62
2012-04-11 05:00:00,-0.871006348132376,27
2012-04-11 08:00:00,353.74963487407,595
2012-04-11 12:00:00,191.186093037631,182
2012-04-11 20:00:00,202.240793748828,235
2012-04-11 23:00:00,63.9791410457051,61
2012-04-12 03:00:00,-9.04514498829818,5
2012-04-12 08:00:00,345.048269808523,624
2012-04-12 11:00:00,201.391279170424,224
2012-04-12 12:00:00,256.085767514297,259
2012-04-13 03:00:00,1.31696285381492,11
2012-04-13 04:00:00,-13.8228861130985,5
2012-04-13 10:00:00,198.968324708973,192
2012-04-13 17:00:00,503.570855264826,738
2012-04-14 09:00:00,239.575229986437,265
2012-04-14 10:00:00,194.417042005709,406
2012-04-14 17:00:00,495.86243473739,560
2012-04-15 01:00:00,43.0510355381088,106
2012-04-15 07:00:00,247.959822958751,46
2012-04-15 10:00:00,208.379621147309,421
2012-04-15 11:00:00,251.68147609357,528
2012-04-15 14:00:00,279.559402258025,628
2012-04-15 16:00:00,365.890822550685,616
2012-04-15 18:00:00,479.926745166104,479
2012-04-16 02:00:00,76.3462979714968,14
2012-04-16 04:00:00,31.4549355207724,6
2012-04-16 05:00:00,46.2603993234442,38
2012-04-16 06:00:00,96.8225791983549,133
2012-04-16 10:00:00,207.779843303648,224
2012-04-16 16:00:00,390.493376003106,358
2012-04-16 20:00:00,308.119448477266,375
2012-04-16 23:00:00,171.816514097733,121
2012-04-17 00:00:00,128.274602471455,43
2012-04-17 08:00:00,451.427737812421,673
2012-04-17 11:00:00,265.673155200532,239
2012-04-17 19:00:00,376.041160057961,537
2012-04-17 21:00:00,230.702154990634,297
2012-04-18 01:00:00,91.8572803761412,14
2012-04-18 09:00:00,208.889221120827,265
2012-04-18 16:00:00,233.27783586879,235
2012-04-18 21:00:00,119.044703302682,189
2012-04-18 22:00:00,88.1753582131591,162
2012-04-19 11:00:00,227.246436578519,229
2012-04-19 12:00:00,269.866309355428,264
2012-04-19 16:00:00,354.75427650387,387
2012-04-19 20:00:00,261.89821605302,404
2012-04-19 23:00:00,112.242356093238,144
2012-05-01 00:00:00,74.6187713967118,35
2012-05-01 02:00:00,36.5060559504953,8
2012-05-01 09:00:00,223.733168126816,349
2012-05-01 17:00:00,540.358881769128,681
2012-05-02 03:00:00,59.2018642570921,6
2012-05-02 13:00:00,246.148483098184,228
2012-05-02 16:00:00,351.02174319915,367
2012-05-02 18:00:00,441.94163339631,813
2012-05-02 23:00:00,92.7972055540081,98
2012-05-03 01:00:00,22.4485201893848,24
2012-05-03 04:00:00,7.03137998404745,2
2012-05-03 10:00:00,176.449343778355,168
2012-05-03 11:00:00,225.411708992869,201
2012-05-03 21:00:00,226.004540917064,299
2012-05-03 22:00:00,190.334944460304,246
2012-05-04 00:00:00,118.863937753243,89
2012-05-04 05:00:00,75.8132228430433,24
2012-05-04 16:00:00,402.337678339768,440
2012-05-04 17:00:00,535.154649415244,643
2012-05-05 10:00:00,257.453691101371,432
2012-05-05 12:00:00,337.693537266769,550
2012-05-05 16:00:00,344.992289481468,540
2012-05-06 00:00:00,63.0134268742224,134
2012-05-06 01:00:00,37.7675150407268,121
2012-05-06 05:00:00,7.40988751299793,11
2012-05-06 08:00:00,364.149196203013,114
2012-05-06 14:00:00,231.660278596575,518
2012-05-06 15:00:00,253.656790686198,571
2012-05-07 01:00:00,44.2878469994084,9
2012-05-07 12:00:00,248.427120264038,263
2012-05-07 22:00:00,169.170854151593,173
2012-05-08 04:00:00,36.0384240083096,5
2012-05-08 05:00:00,47.0036867171915,20
2012-05-08 06:00:00,122.902974531986,165
2012-05-08 08:00:00,393.943925751814,641
2012-05-08 17:00:00,471.229291159689,717
2012-05-08 18:00:00,441.054035442973,710
2012-05-08 22:00:00,129.940553459827,147
2012-05-09 01:00:00,69.5458922675687,14
2012-05-09 17:00:00,492.819982294534,705
2012-05-09 21:00:00,136.751796744861,34
2012-05-10 02:00:00,22.0769999372767,3
2012-05-10 05:00:00,61.5747058283154,24
2012-05-10 06:00:00,117.911817149707,139
2012-05-10 08:00:00,408.906353044996,630
2012-05-11 13:00:00,337.50831991231,363
2012-05-11 15:00:00,326.321972449695,439
2012-05-11 17:00:00,548.838787127826,779
2012-05-12 02:00:00,74.2858429821305,56
2012-05-12 11:00:00,293.420985798181,522
2012-05-12 14:00:00,310.864754979425,615
2012-05-12 23:00:00,166.420709828849,176
2012-05-13 05:00:00,66.7245558537932,12
2012-05-13 07:00:00,269.16630193584,60
2012-05-13 08:00:00,427.659511002274,156
2012-05-13 10:00:00,234.307931408724,350
2012-05-13 11:00:00,261.758759971347,428
2012-05-13 17:00:00,527.859686948178,478
2012-05-14 07:00:00,201.579803269956,75
2012-05-14 12:00:00,229.226114795088,185
2012-05-14 16:00:00,292.734212957043,111
2012-05-14 19:00:00,277.863674613986,304
2012-05-15 13:00:00,240.852041959668,239
2012-05-15 18:00:00,489.188916061278,733
2012-05-15 19:00:00,367.04142479363,512
2012-05-16 05:00:00,59.6493179109538,38
2012-05-16 14:00:00,311.348326590592,263
2012-05-16 15:00:00,299.405896055999,274
2012-05-16 20:00:00,293.934330990016,459
2012-05-16 23:00:00,150.607414762308,133
2012-05-17 02:00:00,90.447762153499,16
2012-05-17 06:00:00,143.766974557802,159
2012-05-17 09:00:00,288.958047652134,346
2012-05-17 14:00:00,300.440270547773,270
2012-05-18 21:00:00,266.558233194801,258
2012-05-19 04:00:00,69.9780099461549,14
2012-05-19 13:00:00,349.681520147637,704
2012-05-19 21:00:00,265.823163614428,259
2012-06-01 04:00:00,47.0870083404349,6
2012-06-01 10:00:00,193.566173625815,204
2012-06-01 12:00:00,269.989806668322,310
2012-06-01 14:00:00,226.789577109193,254
2012-06-01 15:00:00,242.760775400784,258
2012-06-01 19:00:00,271.714893340397,45
2012-06-02 03:00:00,54.1812154484244,26
2012-06-02 05:00:00,55.4114854664021,12
2012-06-02 07:00:00,259.381923913286,86
2012-06-02 15:00:00,299.525091365993,702
2012-06-02 16:00:00,364.531049714231,644
2012-06-02 21:00:00,246.887742013085,316
2012-06-02 22:00:00,191.237917950652,228
2012-06-03 00:00:00,81.8717787966811,169
2012-06-03 04:00:00,24.3046002120561,13
2012-06-03 07:00:00,241.551810096775,35
2012-06-03 08:00:00,403.899850062794,140
2012-06-03 14:00:00,277.686628605939,678
2012-06-03 17:00:00,516.174641575662,578
2012-06-03 18:00:00,485.999385858945,496
2012-06-04 00:00:00,105.444211598895,49
2012-06-04 14:00:00,267.356081601319,270
2012-06-04 18:00:00,476.628889127772,822
2012-06-04 20:00:00,283.70644967494,461
2012-06-05 02:00:00,-4.74770663775291,8
2012-06-05 03:00:00,-30.9506358374002,5
2012-06-05 08:00:00,351.766075707501,710
2012-06-05 12:00:00,230.875126265349,247
2012-06-05 19:00:00,343.221567804426,513
2012-06-05 21:00:00,194.93862163964,283
2012-06-05 23:00:00,121.806721415113,113
2012-06-06 01:00:00,57.6078095841884,27
2012-06-06 12:00:00,304.642120992519,315
2012-06-06 18:00:00,409.731744575563,782
2012-06-06 22:00:00,137.7598620664,248
2012-06-07 00:00:00,71.1242312340542,59
2012-06-07 01:00:00,51.2325830533898,22
2012-06-07 11:00:00,266.34619082537,237
2012-06-07 12:00:00,317.871528220654,336
2012-06-07 18:00:00,496.941586403552,813
2012-06-08 01:00:00,84.9009096155896,29
2012-06-08 04:00:00,52.0402603846619,10
2012-06-08 08:00:00,428.349321427204,700
2012-06-08 11:00:00,282.444612337269,264
2012-06-08 16:00:00,396.12393447969,523
2012-06-08 19:00:00,408.321395867597,555
2012-06-08 20:00:00,322.288051361065,408
2012-06-09 06:00:00,140.875313198289,80
2012-06-09 11:00:00,305.608391539271,569
2012-06-10 05:00:00,78.6071471313185,13
2012-06-10 08:00:00,420.443504864661,181
2012-06-10 09:00:00,295.111676207377,266
2012-06-10 11:00:00,281.915568028264,499
2012-06-10 12:00:00,348.395671810854,502
2012-06-10 15:00:00,337.877925827968,475
2012-06-10 16:00:00,399.332683210663,508
2012-06-10 17:00:00,543.832861671045,521
2012-06-10 22:00:00,191.074113312991,159
2012-06-11 00:00:00,128.302180327041,41
2012-06-11 04:00:00,62.2115871409955,7
2012-06-11 11:00:00,260.787283318108,202
2012-06-11 16:00:00,365.561140842155,427
2012-06-11 17:00:00,518.006733647463,800
2012-06-11 18:00:00,488.135107864789,831
2012-06-11 22:00:00,184.915224795937,164
2012-06-12 00:00:00,109.172739327948,28
2012-06-12 05:00:00,4.25743984293133,29
2012-06-12 16:00:00,278.258527001745,239
2012-06-12 18:00:00,440.467948012164,653
2012-06-12 22:00:00,152.732855645313,207
2012-06-13 03:00:00,53.0483164467384,8
2012-06-13 05:00:00,64.0416933027267,40
2012-06-13 11:00:00,232.983555314572,246
2012-06-13 14:00:00,269.525921910955,320
2012-06-13 15:00:00,314.674429236219,281
2012-06-13 19:00:00,390.932428504713,671
2012-06-13 21:00:00,241.713420037379,396
2012-06-13 23:00:00,159.676055194477,153
2012-06-14 03:00:00,66.3799247451748,5
2012-06-14 04:00:00,61.911417459086,6
2012-06-14 09:00:00,283.951142189662,357
2012-06-14 18:00:00,499.98434132743,823
2012-06-14 19:00:00,381.966051281818,579
2012-06-15 00:00:00,103.627691415183,94
2012-06-15 02:00:00,53.2391385217728,15
2012-06-15 15:00:00,313.00341696066,377
2012-06-15 20:00:00,302.268021449174,385
2012-06-15 23:00:00,161.845244012709,222
2012-06-16 02:00:00,89.9846473825464,67
2012-06-16 12:00:00,321.045636423479,603
2012-06-16 13:00:00,335.670336240372,617
2012-06-16 15:00:00,322.563888230862,583
2012-06-16 19:00:00,366.499415487993,461
2012-06-16 21:00:00,219.200507567553,290
2012-06-17 14:00:00,252.851717521016,582
2012-06-17 16:00:00,336.013986865087,580
2012-06-17 19:00:00,352.355279280826,390
2012-06-17 22:00:00,173.50661796056,153
2012-06-18 07:00:00,179.334204889518,145
2012-06-18 17:00:00,438.102170495933,723
2012-06-18 23:00:00,71.7053865584107,74
2012-06-19 03:00:00,26.3055610853061,8
2012-06-19 06:00:00,104.359206374144,161
2012-06-19 07:00:00,241.269376388178,480
2012-06-19 17:00:00,534.126913875862,811
2012-06-19 22:00:00,192.091322629267,291
2012-07-01 01:00:00,79.2698034642724,93
2012-07-01 06:00:00,120.985892463344,27
2012-07-01 07:00:00,277.259672049864,50
2012-07-01 16:00:00,396.933538279362,313
2012-07-02 04:00:00,53.3873396105133,12
2012-07-02 06:00:00,145.052141501427,136
2012-07-02 12:00:00,326.814947368571,257
2012-07-02 14:00:00,300.615003222341,230
2012-07-02 15:00:00,309.29720750841,234
2012-07-02 17:00:00,528.379859080606,747
2012-07-02 19:00:00,370.031798298209,581
2012-07-02 20:00:00,289.063717316261,395
2012-07-02 22:00:00,187.999356223558,188
2012-07-03 02:00:00,82.1281874309737,10
2012-07-03 04:00:00,55.0079519107809,6
2012-07-03 05:00:00,79.0078804600738,35
2012-07-03 12:00:00,339.90557032703,272
2012-07-03 21:00:00,171.064148135274,196
2012-07-04 03:00:00,42.3075935096917,32
2012-07-04 14:00:00,308.915005994628,547
2012-07-04 19:00:00,390.304008583647,432
2012-07-04 20:00:00,309.3359276017,551
2012-07-04 21:00:00,253.43925764642,584
2012-07-05 02:00:00,98.2797143375678,18
2012-07-05 06:00:00,155.234311728037,133
2012-07-05 16:00:00,407.875738823969,433
2012-07-05 17:00:00,560.62496156332,689
2012-07-05 21:00:00,263.555839573917,323
2012-07-05 23:00:00,174.244110531289,131
2012-07-06 05:00:00,96.2246424083485,35
2012-07-07 03:00:00,76.9661777800176,31
2012-07-07 11:00:00,330.906084480048,367
2012-07-08 00:00:00,138.481300852196,147
2012-07-08 01:00:00,118.589652671532,124
2012-07-08 03:00:00,93.3666616752817,35
2012-07-08 14:00:00,330.455949567664,312
2012-07-09 00:00:00,44.3712113143955,39
2012-07-09 15:00:00,254.833383158031,280
2012-07-09 16:00:00,354.385543998569,413
2012-07-10 06:00:00,93.6870291929739,187
2012-07-10 11:00:00,267.400152746408,249
2012-07-10 16:00:00,357.610652065206,435
2012-07-10 18:00:00,376.773838143448,819
2012-07-10 19:00:00,273.029906174838,414
2012-07-10 21:00:00,107.935883352968,90
2012-07-10 22:00:00,102.403646203329,139
2012-07-11 17:00:00,521.16480308035,830
2012-07-12 16:00:00,368.393285513174,439
2012-07-13 04:00:00,38.1723276026244,11
2012-07-13 05:00:00,60.0017732534707,34
2012-07-13 06:00:00,132.112675405109,127
2012-07-13 15:00:00,281.794383206844,353
2012-07-13 20:00:00,281.137699313894,389
2012-07-14 07:00:00,254.632652476337,48
2012-07-14 12:00:00,259.810032035444,499
2012-07-14 14:00:00,281.190956221926,632
2012-07-14 17:00:00,413.794075414767,458
2012-07-15 00:00:00,62.6193452042085,187
2012-07-15 11:00:00,266.770757384798,451
2012-07-15 13:00:00,323.461317693006,480
2012-07-15 23:00:00,118.814389201027,91
2012-07-16 02:00:00,65.0949553249131,15
2012-07-16 14:00:00,304.945426324608,212
2012-07-16 18:00:00,489.118310608791,794
2012-07-17 00:00:00,89.4408740439587,53
2012-07-17 01:00:00,83.9259919941072,25
2012-07-17 06:00:00,143.476998200827,213
2012-07-17 09:00:00,289.475120891617,320
2012-07-17 11:00:00,262.573296726892,206
2012-07-17 16:00:00,403.220827227845,381
2012-07-17 17:00:00,555.666420033154,770
2012-07-17 21:00:00,249.324413214218,333
2012-07-18 07:00:00,289.776847758032,495
2012-07-18 09:00:00,313.376343209401,297
2012-07-18 11:00:00,308.718279437504,183
2012-07-18 23:00:00,156.151846188323,131
2012-07-19 00:00:00,113.943853283334,66
2012-07-19 01:00:00,94.0522051026692,25
2012-07-19 09:00:00,268.819529200135,318
2012-07-19 17:00:00,536.563508677409,771
2012-08-01 00:00:00,94.2240523213607,47
2012-08-01 14:00:00,298.679354591646,263
2012-08-02 00:00:00,108.867523752595,63
2012-08-02 02:00:00,59.4390211326319,11
2012-08-03 00:00:00,120.846102207561,71
2012-08-03 01:00:00,91.7599892802755,43
2012-08-03 06:00:00,129.043247123268,163
2012-08-03 09:00:00,271.896206836368,396
2012-08-03 14:00:00,291.994894222136,331
2012-08-03 17:00:00,515.841128903698,741
2012-08-03 22:00:00,202.69384656253,202
2012-08-04 00:00:00,122.358751079024,161
2012-08-04 05:00:00,84.1229173418577,17
2012-08-04 14:00:00,328.141523833916,472
2012-08-04 19:00:00,402.25616222321,397
2012-08-05 08:00:00,445.934947906907,108
2012-08-05 09:00:00,309.777554084353,229
2012-08-05 10:00:00,251.016058171825,364
2012-08-05 14:00:00,319.721726450052,526
2012-08-06 06:00:00,116.06498834183,141
2012-08-06 14:00:00,296.131303753892,287
2012-08-06 16:00:00,385.053874738647,451
2012-08-06 19:00:00,374.640155522569,640
2012-08-06 22:00:00,187.518461952434,207
2012-08-07 02:00:00,67.3489471119489,13
2012-08-07 04:00:00,51.0542767570257,9
2012-08-07 10:00:00,200.224384106934,250
2012-08-07 15:00:00,299.500571699382,306
2012-08-07 16:00:00,293.812284255961,445
2012-08-08 08:00:00,421.329400236474,737
2012-08-08 14:00:00,263.173101825898,236
2012-08-08 16:00:00,347.030409286069,441
2012-08-08 20:00:00,276.567515677644,500
2012-08-08 21:00:00,229.576310340738,381
2012-08-08 22:00:00,183.081148718709,233
2012-08-09 09:00:00,301.067144928228,353
2012-08-09 10:00:00,263.589359135081,205
2012-08-09 11:00:00,299.656652187832,260
2012-08-09 18:00:00,479.815016583859,811
2012-08-10 02:00:00,86.0195755695406,20
2012-08-10 06:00:00,66.9508360159423,44
2012-08-10 07:00:00,203.861006029977,133
2012-08-10 18:00:00,475.523333013396,640
2012-08-10 19:00:00,371.779401044786,492
2012-08-10 22:00:00,188.130488357282,218
2012-08-10 23:00:00,152.284655202368,192
2012-08-11 12:00:00,310.548985310591,546
2012-08-11 18:00:00,426.123358500024,300
2012-08-11 23:00:00,77.9149929602702,163
2012-08-12 03:00:00,38.3497338796376,48
2012-08-12 14:00:00,275.23779989179,579
2012-08-12 15:00:00,291.20899818338,577
2012-08-13 03:00:00,53.6877522086778,6
2012-08-13 05:00:00,70.0500225232929,36
2012-08-13 06:00:00,122.532302945099,159
2012-08-13 07:00:00,277.846032258171,436
2012-08-14 06:00:00,63.6410119335102,64
2012-08-14 09:00:00,244.422521814214,402
2012-08-15 00:00:00,116.859220896246,60
2012-08-15 10:00:00,206.55667892043,233
2012-08-15 14:00:00,250.240844039299,255
2012-08-16 01:00:00,71.6347746001519,21
2012-08-16 02:00:00,69.7345619832069,15
2012-08-16 09:00:00,297.431759942062,337
2012-08-16 12:00:00,333.272246519948,343
2012-08-16 15:00:00,317.385607078436,260
2012-08-16 18:00:00,503.990852370065,832
2012-08-16 21:00:00,244.689610036943,356
2012-08-17 03:00:00,11.9167401000572,6
2012-08-17 08:00:00,377.100732219495,668
2012-08-17 12:00:00,265.014023871428,365
2012-08-17 16:00:00,301.541900550435,488
2012-08-17 17:00:00,471.3791869507,791
2012-08-18 00:00:00,58.4752521308937,105
2012-08-18 05:00:00,60.8589106258583,9
2012-08-18 12:00:00,324.068109221768,654
2012-08-18 13:00:00,315.223986215038,644
2012-08-18 14:00:00,292.210271488665,598
2012-08-18 17:00:00,525.633020933802,635
2012-08-18 20:00:00,289.1970299898,341
2012-08-18 21:00:00,218.330963841419,338
2012-08-18 22:00:00,182.661367384659,261
2012-08-19 00:00:00,101.2992902642,187
2012-08-19 02:00:00,31.2701407944738,119
2012-09-01 13:00:00,345.67640267495,504
2012-09-01 14:00:00,330.608102293504,514
2012-09-02 07:00:00,275.480920268137,42
2012-09-02 08:00:00,434.012747111266,129
2012-09-02 09:00:00,266.203931422549,232
2012-09-02 14:00:00,221.013229292668,457
2012-09-02 15:00:00,247.138942604327,355
2012-09-02 16:00:00,362.530116704087,474
2012-09-02 19:00:00,332.515603217909,292
2012-09-02 22:00:00,137.891718915539,166
2012-09-03 04:00:00,66.4792011084071,11
2012-09-03 12:00:00,301.673444235297,543
2012-09-03 21:00:00,241.573078669865,184
2012-09-04 09:00:00,283.23836545339,323
2012-09-04 10:00:00,229.277120908099,172
2012-09-04 22:00:00,222.08382757829,179
2012-09-05 02:00:00,107.407834069137,9
2012-09-05 09:00:00,323.421824643087,290
2012-09-05 12:00:00,339.452861354417,266
2012-09-05 17:00:00,535.070879351332,863
2012-09-05 18:00:00,498.464271848729,839
2012-09-05 22:00:00,214.318998224117,219
2012-09-06 00:00:00,110.928064224329,65
2012-09-06 02:00:00,122.051305500372,8
2012-09-06 12:00:00,288.190325236814,137
2012-09-06 18:00:00,490.373760878659,835
2012-09-07 02:00:00,87.5380786021639,11
2012-09-07 04:00:00,70.837370259387,8
2012-09-07 08:00:00,445.921368871134,719
2012-09-07 16:00:00,408.958336303977,470
2012-09-07 19:00:00,400.239507783663,568
2012-09-07 20:00:00,312.286062730236,391
2012-09-08 00:00:00,118.484372682122,150
2012-09-08 06:00:00,135.295365406578,34
2012-09-08 21:00:00,190.569749786557,181
2012-09-08 22:00:00,154.346141044203,194
2012-09-09 00:00:00,68.5752207385649,124
2012-09-09 01:00:00,73.060630224337,124
2012-09-09 07:00:00,265.696235157097,70
2012-09-09 09:00:00,291.215831155362,299
2012-09-09 11:00:00,273.610879791069,585
2012-09-09 12:00:00,311.8219093828,757
2012-09-09 20:00:00,297.969528112865,356
2012-09-09 23:00:00,144.551887142206,92
2012-09-10 05:00:00,63.4458773016577,40
2012-09-10 07:00:00,271.256516842332,447
2012-09-10 15:00:00,317.424998093071,346
2012-09-10 18:00:00,494.570766480731,968
2012-09-10 22:00:00,182.788851033765,159
2012-09-11 04:00:00,41.8134145993661,9
2012-09-11 07:00:00,260.574687043126,596
2012-09-11 09:00:00,306.456560664018,358
2012-09-11 10:00:00,261.400780737102,196
2012-09-11 11:00:00,288.562609171479,247
2012-09-11 12:00:00,326.773638763209,316
2012-09-11 19:00:00,383.593797624648,596
2012-09-11 20:00:00,270.85987359831,461
2012-09-11 22:00:00,175.149776158438,216
2012-09-12 02:00:00,66.2340842899699,11
2012-09-12 05:00:00,65.9939281394124,48
2012-09-12 07:00:00,269.964366586296,557
2012-09-12 13:00:00,340.898515260551,323
2012-09-12 16:00:00,393.087025727526,509
2012-09-12 22:00:00,179.170562242981,212
2012-09-13 00:00:00,103.894478949608,57
2012-09-13 02:00:00,69.067952311588,9
2012-09-13 18:00:00,489.922156646877,852
2012-09-13 19:00:00,367.774665379229,674
2012-09-13 23:00:00,140.701925403043,170
2012-09-14 00:00:00,106.678592657953,87
2012-09-14 13:00:00,304.57889243888,408
2012-09-14 14:00:00,285.101748872255,371
2012-09-14 20:00:00,298.785162852247,404
2012-09-15 01:00:00,104.518039943548,109
2012-09-15 04:00:00,68.5640431655639,6
2012-09-15 10:00:00,270.165862838599,442
2012-09-15 19:00:00,395.239030546487,478
2012-09-15 20:00:00,309.205686039955,330
2012-09-15 22:00:00,198.315612361647,279
2012-09-16 06:00:00,119.008328499257,35
2012-09-16 14:00:00,287.644473837276,635
2012-09-16 23:00:00,123.836819114215,94
2012-09-17 01:00:00,69.4264471629501,21
2012-09-17 02:00:00,63.6860334522152,13
2012-09-17 03:00:00,42.2833556198053,7
2012-09-17 10:00:00,210.366000259231,202
2012-09-17 11:00:00,225.742213254891,252
2012-09-17 16:00:00,316.217724731037,453
2012-09-17 22:00:00,125.719491446936,129
2012-09-18 01:00:00,12.8828729591398,5
2012-09-18 04:00:00,29.4207845540072,7
2012-09-18 16:00:00,256.970988354773,141
2012-09-18 17:00:00,409.416581160082,338
2012-09-18 18:00:00,403.618383109802,281
2012-09-18 21:00:00,171.915164822338,207
2012-09-19 09:00:00,274.973710664193,362
2012-09-19 15:00:00,309.842521881656,311
2012-09-19 17:00:00,521.268759237171,886
2012-09-19 19:00:00,362.960500760991,611
2012-09-19 21:00:00,203.548359496894,349
2012-09-19 22:00:00,164.038561946344,229
2012-09-19 23:00:00,117.381793431956,123
2012-10-01 05:00:00,68.9177843576084,36
2012-10-01 20:00:00,227.684312306875,262
2012-10-01 22:00:00,136.383058052182,207
2012-10-02 02:00:00,64.7544618178566,2
2012-10-02 08:00:00,391.345304390158,134
2012-10-02 10:00:00,173.628641976654,45
2012-10-02 16:00:00,288.674831195081,374
2012-10-02 19:00:00,299.231833999237,395
2012-10-02 23:00:00,122.517705122294,98
2012-10-03 09:00:00,276.311390118858,362
2012-10-03 16:00:00,377.122221987107,478
2012-10-03 20:00:00,326.968358418819,497
2012-10-04 02:00:00,108.488405418301,13
2012-10-04 03:00:00,68.4689715601396,11
2012-10-04 04:00:00,74.4346212572622,10
2012-10-04 09:00:00,275.961477386091,359
2012-10-04 20:00:00,313.156163584758,441
2012-10-04 22:00:00,249.985367388289,232
2012-10-05 03:00:00,90.8083132946542,16
2012-10-05 06:00:00,153.89256239039,137
2012-10-05 17:00:00,566.777022338817,900
2012-10-05 19:00:00,383.859062628844,500
2012-10-06 01:00:00,106.111128129014,141
2012-10-06 06:00:00,157.036311680502,30
2012-10-06 12:00:00,358.475715219277,743
2012-10-06 14:00:00,280.162073228315,576
2012-10-06 22:00:00,182.895217480275,185
2012-10-07 02:00:00,66.6919839160008,74
2012-10-07 04:00:00,45.6874954011685,11
2012-10-07 09:00:00,195.793282103496,86
2012-10-07 14:00:00,201.54180801073,314
2012-10-08 00:00:00,67.7652231316389,51
2012-10-08 03:00:00,13.1671190798571,10
2012-10-08 07:00:00,206.330397602593,154
2012-10-08 08:00:00,360.429393289643,397
2012-10-08 16:00:00,261.018504250484,377
2012-10-09 02:00:00,-24.1411821245291,7
2012-10-09 08:00:00,377.350343014857,713
2012-10-09 10:00:00,172.947988404907,164
2012-10-09 12:00:00,246.85889083823,260
2012-10-09 18:00:00,420.722659666037,784
2012-10-09 19:00:00,316.978727697427,514
2012-10-10 00:00:00,62.3858127571655,33
2012-10-10 02:00:00,36.7537508657662,8
2012-10-10 13:00:00,315.308975553315,297
2012-10-10 14:00:00,312.275488432615,271
2012-10-10 23:00:00,141.648667969002,136
2012-10-11 06:00:00,135.464648103901,159
2012-10-11 07:00:00,270.151087636999,478
2012-10-11 10:00:00,236.25276738333,204
2012-10-11 17:00:00,513.242644087729,827
2012-10-11 21:00:00,207.836699571341,260
2012-10-12 05:00:00,49.0049290362937,35
2012-10-12 12:00:00,325.199633001293,387
2012-10-12 15:00:00,301.063949280812,455
2012-10-12 20:00:00,272.012772718304,308
2012-10-12 22:00:00,183.997707271807,160
2012-10-12 23:00:00,121.778912502029,100
2012-10-13 10:00:00,228.968730632045,347
2012-10-13 11:00:00,261.219810561905,527
2012-10-13 14:00:00,285.585153537513,597
2012-10-13 17:00:00,508.838758156786,528
2012-10-14 12:00:00,332.841212888345,562
2012-10-14 18:00:00,473.42507611272,453
2012-10-15 02:00:00,89.4310077309204,6
2012-10-15 03:00:00,64.1881288047206,4
2012-10-15 04:00:00,70.5451866839013,10
2012-10-15 06:00:00,142.241774093558,147
2012-10-15 07:00:00,289.321088933457,476
2012-10-15 11:00:00,242.882697889951,263
2012-10-15 12:00:00,249.707317772866,284
2012-10-15 15:00:00,282.574793664227,260
2012-10-15 17:00:00,500.520161053644,766
2012-10-15 22:00:00,191.680291389856,126
2012-10-16 00:00:00,106.743341175245,48
2012-10-16 02:00:00,71.9168145372251,3
2012-10-16 04:00:00,56.8711945839958,7
2012-10-16 05:00:00,71.6766583866676,52
2012-10-16 08:00:00,424.377199061975,835
2012-10-16 09:00:00,286.010704564279,355
2012-10-16 13:00:00,304.405233451104,328
2012-10-16 15:00:00,298.322767289769,346
2012-10-16 16:00:00,365.248826184902,446
2012-10-16 19:00:00,359.042728273772,531
2012-10-16 22:00:00,151.886374985951,181
2012-10-17 15:00:00,286.769552272439,301
2012-10-17 16:00:00,362.143222367459,466
2012-10-18 03:00:00,46.8082378030545,5
2012-10-18 06:00:00,124.861883091892,153
2012-10-18 20:00:00,262.228910394126,387
2012-10-19 02:00:00,63.2640345330513,10
2012-10-19 05:00:00,68.3927718411206,36
2012-10-19 11:00:00,260.823812142163,252
2012-10-19 15:00:00,313.375994806831,395
2012-10-19 16:00:00,322.642473750716,565
2012-10-19 17:00:00,475.088066556025,425
2012-11-01 00:00:00,84.0129954770412,60
2012-11-01 03:00:00,35.729205351538,15
2012-11-01 06:00:00,113.782850640375,148
2012-11-01 07:00:00,235.52505754039,420
2012-11-01 18:00:00,415.57684882393,678
2012-11-02 04:00:00,22.930246480278,7
2012-11-02 07:00:00,209.736467123833,357
2012-11-02 10:00:00,212.392228157376,204
2012-11-02 12:00:00,285.343080317251,292
2012-11-02 14:00:00,224.713971538328,262
2012-11-02 17:00:00,477.144885191276,638
2012-11-02 21:00:00,173.118226590127,156
2012-11-02 23:00:00,110.065037984136,119
2012-11-03 05:00:00,37.0162480543853,9
2012-11-03 07:00:00,235.617793042642,59
2012-11-03 09:00:00,226.882803358232,219
2012-11-03 12:00:00,233.797795405854,394
2012-11-03 14:00:00,200.308857254102,455
2012-11-03 22:00:00,147.549916035225,146
2012-11-05 05:00:00,16.3856054252239,39
2012-11-05 07:00:00,220.091031714761,461
2012-11-05 14:00:00,236.12474526981,196
2012-11-05 17:00:00,446.422104131584,638
2012-11-05 23:00:00,78.7338125268385,53
2012-11-06 09:00:00,209.831491352928,363
2012-11-06 12:00:00,243.40844514366,248
2012-11-06 14:00:00,227.074015889253,240
2012-11-06 17:00:00,432.860123512037,627
2012-11-06 18:00:00,398.84466670153,497
2012-11-06 20:00:00,204.938189004351,228
2012-11-06 22:00:00,102.700580911487,153
2012-11-07 01:00:00,7.75971722692719,92
2012-11-07 02:00:00,4.61045420828816,74
2012-11-07 08:00:00,343.061492813384,601
2012-11-07 12:00:00,210.938940218109,212
2012-11-07 14:00:00,176.872001809865,161
2012-11-07 20:00:00,201.456784356659,256
2012-11-07 21:00:00,154.465579019753,126
2012-11-08 01:00:00,-2.56649907056371,12
2012-11-08 11:00:00,233.134557897241,171
2012-11-08 12:00:00,293.525557604683,235
2012-11-08 13:00:00,309.413937629065,228
2012-11-08 14:00:00,278.151178623722,182
2012-11-08 15:00:00,294.122376915313,233
2012-11-08 17:00:00,498.930670410507,592
2012-11-08 23:00:00,114.001276189924,87
2012-11-09 01:00:00,55.589673830975,20
2012-11-09 06:00:00,91.2804490320144,131
2012-11-09 09:00:00,244.844552732156,327
2012-11-09 10:00:00,196.541201773739,197
2012-11-09 14:00:00,267.088550515949,274
2012-11-09 20:00:00,227.509214605457,255
2012-11-10 01:00:00,30.3619408764156,76
2012-11-10 04:00:00,-3.76238856200166,6
2012-11-10 08:00:00,384.659905824199,146
2012-11-10 09:00:00,244.740730990767,259
2012-11-10 15:00:00,295.006554662215,567
2012-11-10 17:00:00,507.089212357135,501
2012-11-11 08:00:00,355.574200883665,119
2012-11-11 12:00:00,286.342728373083,585
2012-11-11 15:00:00,297.108692509578,724
2012-11-11 17:00:00,501.525577822714,493
2012-11-11 18:00:00,465.981428647371,405
2012-11-11 21:00:00,191.710790121147,171
2012-11-11 22:00:00,146.83209911197,134
2012-11-12 03:00:00,30.5161706953437,4
2012-11-12 04:00:00,32.072977207287,4
2012-11-12 06:00:00,92.6403695176321,71
2012-11-12 07:00:00,234.919432990294,264
2012-11-12 11:00:00,230.064423941202,367
2012-11-12 16:00:00,335.798331738696,434
2012-11-12 17:00:00,488.243924544005,596
2012-11-13 06:00:00,29.754623014871,50
2012-11-13 08:00:00,307.043442924548,211
2012-11-13 13:00:00,236.069026530868,218
2012-11-13 21:00:00,167.243856467878,187
2012-11-14 00:00:00,49.2506803074972,24
2012-11-14 02:00:00,12.2004231885397,1
2012-11-14 11:00:00,200.945169386605,151
2012-11-14 17:00:00,442.944841171307,583
2012-11-14 23:00:00,64.1033664963502,87
2012-11-15 00:00:00,27.3640584224192,34
2012-11-15 03:00:00,-16.5108885179046,2
2012-11-15 11:00:00,174.890728502796,166
2012-11-15 14:00:00,203.120260543092,201
2012-11-15 15:00:00,215.251257740893,217
2012-11-15 17:00:00,423.875764358977,563
2012-11-15 19:00:00,280.747482121234,386
2012-11-16 05:00:00,18.1589039837506,36
2012-11-16 09:00:00,251.501114369172,351
2012-11-16 12:00:00,278.068716117525,290
2012-11-17 03:00:00,13.592810266758,21
2012-11-17 07:00:00,216.178380068625,78
2012-11-17 11:00:00,237.063900265891,423
2012-11-17 16:00:00,332.643293043316,469
2012-11-18 06:00:00,65.3384933815928,15
2012-11-18 09:00:00,211.652220852908,204
2012-11-18 12:00:00,246.101446669072,442
2012-11-18 14:00:00,214.243608935969,428
2012-11-18 18:00:00,398.494913303063,276
2012-11-18 20:00:00,213.782900352505,129
2012-11-18 21:00:00,164.567964534663,110
2012-11-19 06:00:00,82.9374278164078,131
2012-11-19 08:00:00,363.777448691629,663
2012-11-19 12:00:00,227.853312779259,242
2012-11-19 15:00:00,254.747290303221,257
2012-12-01 00:00:00,42.9424955809727,108
2012-12-01 04:00:00,5.42460651982948,5
2012-12-01 08:00:00,322.822382250118,144
2012-12-01 13:00:00,209.100940288409,509
2012-12-01 14:00:00,188.00732610893,479
2012-12-01 15:00:00,223.342133973006,484
2012-12-01 23:00:00,66.0960414794283,126
2012-12-02 00:00:00,5.01777125849357,117
2012-12-02 01:00:00,-14.8738769221708,94
2012-12-02 02:00:00,-18.4051899577643,74
2012-12-02 09:00:00,155.673812745931,172
2012-12-02 14:00:00,226.169729007636,473
2012-12-02 22:00:00,123.266596223685,96
2012-12-03 02:00:00,53.8707655541445,10
2012-12-03 09:00:00,230.766128801065,308
2012-12-04 02:00:00,41.8374772994335,8
2012-12-04 04:00:00,3.38947975901088,7
2012-12-04 05:00:00,27.9580503996932,46
2012-12-04 12:00:00,278.369767852805,312
2012-12-04 13:00:00,262.606726011024,272
2012-12-04 15:00:00,286.659002475431,300
2012-12-04 18:00:00,449.190781756733,731
2012-12-05 05:00:00,100.274772844939,49
2012-12-05 06:00:00,111.697969927247,124
2012-12-05 07:00:00,239.399045388865,398
2012-12-05 14:00:00,273.411318663449,218
2012-12-05 17:00:00,494.190810450233,605
2012-12-05 18:00:00,458.64666127489,609
2012-12-05 21:00:00,186.070913444431,198
2012-12-06 02:00:00,23.3490142665574,9
2012-12-06 11:00:00,189.295987786201,178
2012-12-06 19:00:00,283.63213812327,373
2012-12-07 04:00:00,6.38607048085472,10
2012-12-07 06:00:00,61.651014569002,84
2012-12-07 11:00:00,159.122787416806,203
2012-12-07 17:00:00,429.009483375414,568
2012-12-07 23:00:00,60.499757629857,122
2012-12-08 01:00:00,9.53556297796625,100
2012-12-08 09:00:00,204.47232343692,170
2012-12-08 18:00:00,410.994230240086,304
2012-12-08 23:00:00,75.0617021475271,162
2012-12-09 02:00:00,8.41001772377849,78
2012-12-09 10:00:00,141.498651445477,219
2012-12-09 13:00:00,192.96212294027,285
2012-12-09 18:00:00,327.231504222459,198
2012-12-09 21:00:00,113.1849916873,96
2012-12-10 02:00:00,2.44969612764291,5
2012-12-10 14:00:00,193.277407131793,210
2012-12-10 17:00:00,432.866496205469,616
2012-12-11 02:00:00,33.2272619960103,1
2012-12-11 04:00:00,-8.78394963437175,8
2012-12-11 09:00:00,229.296987781669,334
2012-12-11 14:00:00,201.877412582319,204
2012-12-11 15:00:00,217.84861087391,270
2012-12-11 16:00:00,282.854569222148,358
2012-12-11 17:00:00,434.063086472246,601
2012-12-11 18:00:00,403.887830755529,546
2012-12-12 00:00:00,69.4498326290328,34
2012-12-12 04:00:00,20.1703161000719,4
2012-12-12 15:00:00,212.777340265644,228
2012-12-12 16:00:00,275.559568132944,329
2012-12-12 18:00:00,387.371760267426,540
2012-12-12 22:00:00,111.764531050029,122
2012-12-13 08:00:00,365.552475717427,679
2012-12-13 14:00:00,238.114191829777,242
2012-12-13 23:00:00,89.1828834111097,120
2012-12-14 02:00:00,15.5327726607626,9
2012-12-14 11:00:00,191.836667610228,211
2012-12-14 12:00:00,257.395338896066,273
2012-12-14 17:00:00,446.871005235341,622
2012-12-14 21:00:00,156.988469197649,172
2012-12-14 23:00:00,80.7114059954321,134
2012-12-15 01:00:00,-3.53531094126967,95
2012-12-15 02:00:00,17.3104336895734,69
2012-12-15 09:00:00,210.488033808406,220
2012-12-15 12:00:00,269.757540903698,453
2012-12-15 18:00:00,433.466794711436,272
2012-12-16 01:00:00,-17.9672244692272,96
2012-12-16 02:00:00,-9.89113352144776,87
2012-12-16 07:00:00,193.839148774879,27
2012-12-16 17:00:00,399.922364747303,243
2012-12-16 18:00:00,345.370051364149,107
2012-12-16 19:00:00,270.03258691158,109
2012-12-17 01:00:00,14.9104617525102,15
2012-12-17 05:00:00,14.2987853498446,24
2012-12-17 09:00:00,206.389071134629,282
2012-12-17 11:00:00,166.843989311551,170
2012-12-18 00:00:00,42.7010733423383,18
2012-12-18 01:00:00,22.8094251616739,15
2012-12-18 02:00:00,22.8293130916238,7
2012-12-18 06:00:00,83.3470862941201,118
2012-12-18 10:00:00,190.855557487681,184
2012-12-18 12:00:00,238.093500877423,313
2012-12-18 15:00:00,269.432284403947,246
2012-12-19 02:00:00,28.1919542051267,3
2012-12-19 07:00:00,214.74373963321,363
2012-12-19 16:00:00,321.975570084586,334
2012-12-19 23:00:00,95.0256759293438,88
