datetime,count
2011-01-01 03:00:00,15.2809838840842
2011-01-01 04:00:00,7.50558348904366
2011-01-01 10:00:00,129.46724137931
2011-01-01 16:00:00,171.051304672339
2011-01-01 19:00:00,101.782660098522
2011-01-01 21:00:00,90.5245320197044
2011-01-01 22:00:00,83.3817241379311
2011-01-02 18:00:00,155.784252873563
2011-01-02 21:00:00,72.682590627763
2011-01-02 22:00:00,53.8159770114942
2011-01-03 12:00:00,78.5190476190476
2011-01-03 19:00:00,128.764137931034
2011-01-03 22:00:00,36.1515106732348
2011-01-03 23:00:00,32.4750574712644
2011-01-04 01:00:00,4.33485495347565
2011-01-04 07:00:00,124.896724137931
2011-01-04 10:00:00,64.9698641588297
2011-01-04 17:00:00,216.095172413793
2011-01-04 19:00:00,135.809540229885
2011-01-05 07:00:00,116.211034482759
2011-01-05 10:00:00,71.8776802507837
2011-01-05 16:00:00,137.902093596059
2011-01-05 17:00:00,229.316781609195
2011-01-05 19:00:00,166.791494252874
2011-01-06 02:00:00,3.68914135796227
2011-01-06 05:00:00,9.80535303776683
2011-01-06 09:00:00,176.370114942529
2011-01-06 17:00:00,170.948965517241
2011-01-06 19:00:00,147.330229885057
2011-01-07 08:00:00,294.176223316913
2011-01-07 09:00:00,151.421264367816
2011-01-07 16:00:00,95.4885194498988
2011-01-08 00:00:00,36.0463531870428
2011-01-08 01:00:00,22.9210344827586
2011-01-08 09:00:00,81.9908045977012
2011-01-08 12:00:00,112.600829228243
2011-01-08 13:00:00,144.261954022988
2011-01-09 02:00:00,26.5433333333333
2011-01-09 05:00:00,3.52977011494253
2011-01-09 06:00:00,16.1152298850575
2011-01-09 09:00:00,82.1566666666667
2011-01-09 11:00:00,118.302643678161
2011-01-09 14:00:00,138.108735632184
2011-01-09 15:00:00,162.635593869732
2011-01-09 23:00:00,26.2154784296164
2011-01-10 02:00:00,2.91933273622929
2011-01-10 04:00:00,2.14229885057471
2011-01-10 14:00:00,61.8004406130268
2011-01-10 20:00:00,68.7091666666667
2011-01-11 05:00:00,9.87144499178982
2011-01-11 07:00:00,148.081034482759
2011-01-11 08:00:00,289.304154351396
2011-01-11 17:00:00,162.811724137931
2011-01-11 18:00:00,144.822528735632
2011-01-11 21:00:00,57.8670689655172
2011-01-12 02:00:00,2.9883908045977
2011-01-12 07:00:00,121.373448275862
2011-01-12 15:00:00,63.6136781609195
2011-01-12 18:00:00,161.482298850575
2011-01-13 00:00:00,10.8939337546234
2011-01-13 01:00:00,4.18200602079913
2011-01-13 07:00:00,142.563316912972
2011-01-13 18:00:00,162.406091954023
2011-01-13 19:00:00,108.694712643678
2011-01-14 10:00:00,58.5315882967607
2011-01-14 12:00:00,72.1715708812261
2011-01-14 13:00:00,88.6916995073892
2011-01-14 21:00:00,59.6451806239737
2011-01-14 22:00:00,43.4213409961686
2011-01-15 05:00:00,5.08072249589491
2011-01-15 09:00:00,69.6735632183908
2011-01-15 17:00:00,144.155632183908
2011-01-15 18:00:00,135.913448275862
2011-01-15 19:00:00,109.865344827586
2011-01-16 02:00:00,38.6120203359859
2011-01-16 04:00:00,6.78893267651888
2011-01-16 05:00:00,4.9083908045977
2011-01-16 09:00:00,103.75367816092
2011-01-16 10:00:00,98.7875862068966
2011-01-16 22:00:00,40.9851149425287
2011-01-16 23:00:00,33.1217427974325
2011-01-17 20:00:00,66.2102681992337
2011-01-17 23:00:00,32.9966091954023
2011-01-18 13:00:00,72.2898850574713
2011-01-18 18:00:00,162.393218390805
2011-01-18 19:00:00,120.698390804598
2011-01-19 01:00:00,4.30326765188834
2011-01-19 02:00:00,4.23166666666667
2011-01-19 07:00:00,138.321149425287
2011-01-19 08:00:00,363.717564313081
2011-01-19 18:00:00,229.247816091954
2011-02-01 00:00:00,10.9564367816092
2011-02-01 07:00:00,114.907471264368
2011-02-01 18:00:00,168.234252873563
2011-02-01 19:00:00,123.757356321839
2011-02-01 22:00:00,53.007816091954
2011-02-02 00:00:00,11.1341379310345
2011-02-02 02:00:00,3.14865900383142
2011-02-02 05:00:00,9.77144499178983
2011-02-02 10:00:00,78.4040229885057
2011-02-02 13:00:00,114.167586206897
2011-02-02 15:00:00,115.327701149425
2011-02-02 23:00:00,37.326091954023
2011-02-03 01:00:00,7.05215106732348
2011-02-03 06:00:00,50.1990147783251
2011-02-03 10:00:00,57.5827377220481
2011-02-03 14:00:00,60.0557553366174
2011-02-03 23:00:00,40.0669950738916
2011-02-04 01:00:00,9.37205254515599
2011-02-04 23:00:00,48.2877011494253
2011-02-05 09:00:00,91.9435632183908
2011-02-05 10:00:00,86.965632183908
2011-02-05 12:00:00,87.3620032840722
2011-02-05 21:00:00,70.3548056923919
2011-02-06 02:00:00,31.2744611743902
2011-02-06 08:00:00,55.1575623227348
2011-02-06 10:00:00,143.240344827586
2011-02-06 20:00:00,80.6291570881226
2011-02-06 21:00:00,84.9519157088123
2011-02-07 02:00:00,2.87741105637658
2011-02-07 11:00:00,136.827471264368
2011-02-07 14:00:00,96.3052298850575
2011-02-07 22:00:00,85.907816091954
2011-02-08 12:00:00,82.8042528735632
2011-02-08 13:00:00,91.7998850574713
2011-02-09 03:00:00,1.97009852216749
2011-02-09 05:00:00,9.54489326765189
2011-02-09 08:00:00,229.076880131363
2011-02-09 09:00:00,117.990246305419
2011-02-09 22:00:00,52.7606896551724
2011-02-10 00:00:00,11.3889655172414
2011-02-10 01:00:00,5.11916256157636
2011-02-10 02:00:00,2.69448275862069
2011-02-10 06:00:00,57.7115435139573
2011-02-10 07:00:00,106.661149425287
2011-02-10 18:00:00,178.383973727422
2011-02-10 20:00:00,81.1816625615764
2011-02-10 22:00:00,45.237816091954
2011-02-10 23:00:00,31.5
2011-02-11 01:00:00,7.41701597253322
2011-02-11 06:00:00,47.1676354679803
2011-02-11 07:00:00,112.415747126437
2011-02-11 12:00:00,91.4871264367816
2011-02-11 14:00:00,115.961149425287
2011-02-11 20:00:00,90.2153201970444
2011-02-12 10:00:00,122.432413793103
2011-02-12 12:00:00,163.346436781609
2011-02-12 18:00:00,130.418193760263
2011-02-12 19:00:00,103.289731800766
2011-02-12 22:00:00,74.5025287356322
2011-02-13 14:00:00,213.884137931035
2011-02-13 19:00:00,162.353735632184
2011-02-14 01:00:00,12.6426929392447
2011-02-14 08:00:00,441.693735632184
2011-02-14 13:00:00,147.139458128079
2011-02-14 18:00:00,368.488620689655
2011-02-15 04:00:00,2.71450574712644
2011-02-15 05:00:00,11.2290199637024
2011-02-15 06:00:00,41.4061412151067
2011-02-15 19:00:00,142.257816091954
2011-02-16 16:00:00,234.521371365009
2011-02-16 17:00:00,374.307025016903
2011-02-17 00:00:00,26.4634673282667
2011-02-17 08:00:00,442.605517241379
2011-02-17 09:00:00,222.872720306513
2011-02-17 18:00:00,412.259655172414
2011-02-18 02:00:00,12.8942517539931
2011-02-18 07:00:00,230.503793103448
2011-02-18 11:00:00,149.948308702791
2011-02-18 20:00:00,242.96710180624
2011-02-18 21:00:00,200.678472906404
2011-02-19 06:00:00,51.424367816092
2011-02-19 09:00:00,147.090344827586
2011-02-19 19:00:00,131.348524904215
2011-02-19 22:00:00,68.0787356321839
2011-03-01 02:00:00,2.37270498084291
2011-03-01 03:00:00,2.11255172413793
2011-03-01 05:00:00,11.6894304727336
2011-03-01 07:00:00,166.373218390805
2011-03-01 10:00:00,93.9945977011494
2011-03-01 22:00:00,61.821724137931
2011-03-02 00:00:00,12.0278066814546
2011-03-02 03:00:00,2.05595073891626
2011-03-02 07:00:00,182.657011494253
2011-03-02 08:00:00,385.867706622879
2011-03-02 09:00:00,204.090689655172
2011-03-02 12:00:00,146.149425287356
2011-03-02 17:00:00,450.215580025113
2011-03-02 20:00:00,136.937450980392
2011-03-02 21:00:00,99.4822988505747
2011-03-03 01:00:00,8.16928680897647
2011-03-03 04:00:00,2.54385878489327
2011-03-03 11:00:00,84.9455829228243
2011-03-03 15:00:00,90.4673672687466
2011-03-03 18:00:00,221.234942528736
2011-03-03 20:00:00,101.173908045977
2011-03-03 22:00:00,54.7264696223317
2011-03-04 04:00:00,1.81908045977012
2011-03-04 06:00:00,47.1960344827586
2011-03-04 10:00:00,107.532298850575
2011-03-04 14:00:00,141.929458128079
2011-03-04 18:00:00,209.017816091954
2011-03-04 19:00:00,162.862487684729
2011-03-05 03:00:00,19.5502778085506
2011-03-05 04:00:00,5.84747183058717
2011-03-05 09:00:00,123.38724137931
2011-03-05 21:00:00,129.09275862069
2011-03-06 14:00:00,85.1076877145843
2011-03-06 22:00:00,37.7902298850575
2011-03-07 03:00:00,1.54701149425288
2011-03-07 08:00:00,347.76986863711
2011-03-07 17:00:00,272.041034482759
2011-03-07 18:00:00,244.237651888342
2011-03-07 23:00:00,47.1990804597701
2011-03-08 03:00:00,2.61721510673235
2011-03-08 09:00:00,179.377126436782
2011-03-08 14:00:00,98.3654575309748
2011-03-08 20:00:00,147.683006535948
2011-03-09 11:00:00,95.5507334428024
2011-03-09 21:00:00,87.3501358411704
2011-03-09 23:00:00,39.0269308852068
2011-03-10 00:00:00,25.8450090177394
2011-03-10 05:00:00,19.7700439486139
2011-03-10 06:00:00,62.7208881922675
2011-03-10 12:00:00,46.8447892720306
2011-03-10 17:00:00,291.474712643678
2011-03-11 02:00:00,7.31291461412151
2011-03-11 09:00:00,203.265574712644
2011-03-11 13:00:00,145.553790117928
2011-03-11 14:00:00,131.145054485744
2011-03-11 15:00:00,126.743330347813
2011-03-11 20:00:00,114.268374384236
2011-03-12 10:00:00,171.12684729064
2011-03-12 21:00:00,115.543045977012
2011-03-13 04:00:00,11.2450574712644
2011-03-13 05:00:00,13.5358620689655
2011-03-13 08:00:00,102.017742946708
2011-03-13 13:00:00,323.293716475096
2011-03-13 20:00:00,108.808505747126
2011-03-13 22:00:00,79.3507060755337
2011-03-14 03:00:00,2.41551724137931
2011-03-14 08:00:00,407.990517241379
2011-03-14 11:00:00,133.471264367816
2011-03-14 23:00:00,57.5604980842912
2011-03-15 00:00:00,22.859061486075
2011-03-15 22:00:00,70.3574399164054
2011-03-16 03:00:00,2.47735632183908
2011-03-16 09:00:00,159.665632183908
2011-03-16 10:00:00,104.643218390805
2011-03-16 14:00:00,104.766827884759
2011-03-16 21:00:00,142.868620689655
2011-03-16 22:00:00,84.9899014778325
2011-03-17 02:00:00,5.2014786574587
2011-03-17 03:00:00,3.49022988505747
2011-03-17 07:00:00,215.489452510587
2011-03-17 12:00:00,196.857011494253
2011-03-17 14:00:00,182.345057471264
2011-03-17 15:00:00,189.644482758621
2011-03-18 02:00:00,11.2433846529814
2011-03-18 05:00:00,22.9897089483651
2011-03-19 00:00:00,106.102676518883
2011-03-19 01:00:00,73.4411822660099
2011-03-19 04:00:00,13.6740229885058
2011-03-19 07:00:00,104.418278101209
2011-03-19 08:00:00,154.747460815047
2011-03-19 09:00:00,160.192309299895
2011-03-19 12:00:00,277.906044061303
2011-03-19 14:00:00,402.273236179529
2011-03-19 19:00:00,215.762413793103
2011-03-19 21:00:00,112.673784893268
2011-04-01 06:00:00,57.8767248843111
2011-04-01 07:00:00,137.894827586207
2011-04-01 11:00:00,141.309770114943
2011-04-01 12:00:00,147.100213464696
2011-04-01 13:00:00,162.294022988506
2011-04-02 00:00:00,62.2535370950888
2011-04-02 01:00:00,40.319367816092
2011-04-02 02:00:00,30.6939573070607
2011-04-02 06:00:00,26.7269585012688
2011-04-02 08:00:00,107.754607993338
2011-04-02 14:00:00,124.126091954023
2011-04-02 17:00:00,226.769384236453
2011-04-03 01:00:00,49.010199459094
2011-04-03 17:00:00,242.730574712644
2011-04-04 12:00:00,211.965114942529
2011-04-04 14:00:00,189.705402298851
2011-04-04 16:00:00,326.487694936316
2011-04-04 17:00:00,549.123617692226
2011-04-04 19:00:00,421.546854869269
2011-04-05 02:00:00,6.11504105090313
2011-04-05 03:00:00,5.51500821018063
2011-04-05 07:00:00,239.292643678161
2011-04-06 07:00:00,274.2539408867
2011-04-06 13:00:00,195.818144499179
2011-04-07 05:00:00,18.2606036092598
2011-04-07 10:00:00,132.437044334975
2011-04-07 15:00:00,211.712580242897
2011-04-07 16:00:00,329.959551929897
2011-04-07 19:00:00,291.010870279146
2011-04-08 00:00:00,31.7691133004926
2011-04-08 02:00:00,7.01064449917898
2011-04-08 05:00:00,17.1527779387617
2011-04-08 11:00:00,174.370344827586
2011-04-08 19:00:00,123.041781609195
2011-04-08 20:00:00,100.032873563218
2011-04-09 00:00:00,40.9913531870428
2011-04-09 06:00:00,27.5458829676071
2011-04-09 11:00:00,179.006896551724
2011-04-09 14:00:00,180.312528735632
2011-04-09 17:00:00,195.134384236453
2011-04-10 00:00:00,58.1174712643678
2011-04-10 01:00:00,47.2013436597209
2011-04-10 09:00:00,118.068850574713
2011-04-10 14:00:00,337.383563218391
2011-04-10 16:00:00,308.240689655172
2011-04-10 19:00:00,218.346264367816
2011-04-10 21:00:00,118.241724137931
2011-04-10 23:00:00,66.9936616376093
2011-04-11 10:00:00,125.454942528736
2011-04-12 02:00:00,10.0358837052062
2011-04-12 06:00:00,101.402107279693
2011-04-12 09:00:00,119.843256704981
2011-04-12 14:00:00,123.152413793103
2011-04-12 15:00:00,130.685632183908
2011-04-13 07:00:00,91.9937848932676
2011-04-13 09:00:00,190.067996715928
2011-04-13 11:00:00,124.24
2011-04-13 16:00:00,244.381108639229
2011-04-14 02:00:00,6.19354762297594
2011-04-14 03:00:00,3.10752873563218
2011-04-14 10:00:00,157.324187192118
2011-04-14 12:00:00,223.93960591133
2011-04-14 17:00:00,688.788786156372
2011-04-14 23:00:00,107.51236303926
2011-04-15 21:00:00,133.195402298851
2011-04-16 07:00:00,104.151428571429
2011-04-16 15:00:00,169.850948275862
2011-04-16 18:00:00,146.439885057471
2011-04-16 21:00:00,110.765172413793
2011-04-17 00:00:00,63.8829885057471
2011-04-17 03:00:00,25.7896732677617
2011-04-17 07:00:00,102.192183908046
2011-04-17 22:00:00,111.615687313083
2011-04-18 02:00:00,6.29518891272067
2011-04-18 13:00:00,181.061685823755
2011-04-18 17:00:00,546.026209843796
2011-04-18 20:00:00,286.536787924719
2011-04-18 22:00:00,144.79039408867
2011-04-18 23:00:00,91.3660344827586
2011-04-19 02:00:00,6.82068144499179
2011-04-19 18:00:00,472.30816091954
2011-04-19 23:00:00,81.6602776533811
2011-05-01 02:00:00,59.9284596987221
2011-05-01 04:00:00,10.3514942528736
2011-05-01 08:00:00,121.864010889292
2011-05-01 09:00:00,177.035517241379
2011-05-01 11:00:00,260.93007723411
2011-05-01 22:00:00,100.767551024085
2011-05-02 05:00:00,27.4502571690198
2011-05-02 06:00:00,122.259189928845
2011-05-02 09:00:00,283.445031347962
2011-05-02 13:00:00,216.983070607553
2011-05-02 18:00:00,613.076551724138
2011-05-02 20:00:00,309.861193212917
2011-05-02 22:00:00,151.318185550082
2011-05-03 01:00:00,19.1721267117637
2011-05-03 06:00:00,89.5038916256158
2011-05-03 10:00:00,167.601417624521
2011-05-03 18:00:00,643.856517161
2011-05-03 21:00:00,224.979310344828
2011-05-03 23:00:00,100.222006269592
2011-05-04 02:00:00,7.05264367816092
2011-05-04 04:00:00,5.01848932676519
2011-05-04 06:00:00,64.6007314524556
2011-05-04 08:00:00,249.107142857143
2011-05-04 12:00:00,174.18288998358
2011-05-04 17:00:00,426.17249589491
2011-05-04 21:00:00,168.761141215107
2011-05-04 22:00:00,135.875402298851
2011-05-05 05:00:00,27.1668280282935
2011-05-05 16:00:00,391.571477953777
2011-05-05 22:00:00,166.335016420361
2011-05-06 08:00:00,472.166288998358
2011-05-06 14:00:00,290.104173508484
2011-05-06 16:00:00,424.661837888045
2011-05-06 20:00:00,267.38065681445
2011-05-06 21:00:00,181.795303776683
2011-05-07 08:00:00,185.325964563801
2011-05-07 12:00:00,523.89236677116
2011-05-07 14:00:00,458.067539184953
2011-05-07 15:00:00,512.704665621734
2011-05-07 16:00:00,527.201003536693
2011-05-07 20:00:00,273.56
2011-05-07 23:00:00,142.563648757017
2011-05-08 06:00:00,26.6787082649152
2011-05-08 07:00:00,78.9045238095238
2011-05-08 14:00:00,430.537939244664
2011-05-08 18:00:00,328.792298850575
2011-05-09 00:00:00,67.591929071901
2011-05-09 06:00:00,129.266923918993
2011-05-09 10:00:00,171.684042145594
2011-05-09 11:00:00,211.41494101301
2011-05-09 14:00:00,210.907454097626
2011-05-09 18:00:00,601.483918992884
2011-05-09 19:00:00,470.666690865094
2011-05-10 04:00:00,5.28828262339419
2011-05-10 09:00:00,258.721410658307
2011-05-10 10:00:00,183.456973180077
2011-05-10 16:00:00,403.158999770562
2011-05-11 14:00:00,228.968128078818
2011-05-11 20:00:00,309.46833236743
2011-05-11 21:00:00,232.277586206897
2011-05-12 21:00:00,185.729885057471
2011-05-12 22:00:00,155.415229885058
2011-05-13 03:00:00,7.6854214559387
2011-05-13 10:00:00,153.278628899836
2011-05-13 18:00:00,344.961302681992
2011-05-13 20:00:00,232.918620689655
2011-05-14 01:00:00,76.650459770115
2011-05-14 03:00:00,29.8187829614605
2011-05-14 11:00:00,213.369655172414
2011-05-14 14:00:00,230.314137931034
2011-05-14 15:00:00,235.675172413793
2011-05-15 00:00:00,94.4374601079501
2011-05-15 01:00:00,75.8122779519331
2011-05-15 12:00:00,422.212902298851
2011-05-15 20:00:00,171.607159277504
2011-05-15 21:00:00,152.065804597701
2011-05-16 07:00:00,368.531286218122
2011-05-16 13:00:00,208.891856763926
2011-05-16 16:00:00,267.996510938079
2011-05-16 17:00:00,398.121852764094
2011-05-16 18:00:00,321.94632183908
2011-05-16 21:00:00,171.407586206897
2011-05-17 00:00:00,26.8419273284103
2011-05-17 01:00:00,16.0559914676975
2011-05-17 09:00:00,271.38026123302
2011-05-17 10:00:00,108.086436781609
2011-05-17 13:00:00,158.043601532567
2011-05-17 23:00:00,85.3495715778475
2011-05-19 00:00:00,36.1796828191679
2011-05-19 07:00:00,238.042577996716
2011-05-19 08:00:00,472.201125295632
2011-05-19 13:00:00,191.939885057471
2011-05-19 20:00:00,284.223267651888
2011-05-19 21:00:00,219.647356321839
2011-06-01 04:00:00,6.79770864567716
2011-06-01 19:00:00,465.838850574713
2011-06-01 22:00:00,206.994482758621
2011-06-02 05:00:00,30.2264232589588
2011-06-02 12:00:00,214.766064586754
2011-06-02 13:00:00,218.186294471812
2011-06-03 08:00:00,539.101546274277
2011-06-03 10:00:00,208.029813156192
2011-06-03 20:00:00,334.911230862302
2011-06-04 00:00:00,140.170403824062
2011-06-04 04:00:00,19.7671100164204
2011-06-04 10:00:00,464.165449061184
2011-06-04 19:00:00,445.747074190178
2011-06-04 21:00:00,260.687586206897
2011-06-04 23:00:00,184.921891778363
2011-06-05 04:00:00,22.4443486590038
2011-06-05 06:00:00,64.0111877394636
2011-06-05 07:00:00,93.1349033724896
2011-06-05 09:00:00,227.436274509804
2011-06-05 11:00:00,393.729244663383
2011-06-05 12:00:00,414.097155172414
2011-06-05 13:00:00,472.450191570881
2011-06-05 16:00:00,428.050478481689
2011-06-05 18:00:00,409.766896551724
2011-06-05 20:00:00,256.409712643678
2011-06-05 21:00:00,203.259853709509
2011-06-06 03:00:00,6.79644393114448
2011-06-06 08:00:00,586.797006549863
2011-06-06 11:00:00,186.170820414579
2011-06-06 12:00:00,231.979469496021
2011-06-06 13:00:00,225.567586206897
2011-06-06 16:00:00,360.23507770825
2011-06-06 23:00:00,111.447701149425
2011-06-07 02:00:00,9.27838178949741
2011-06-07 03:00:00,6.85607677069618
2011-06-07 05:00:00,29.480369619112
2011-06-07 07:00:00,387.743167680865
2011-06-07 16:00:00,357.472427293531
2011-06-08 03:00:00,6.40328301160424
2011-06-08 07:00:00,392.553151260504
2011-06-08 08:00:00,496.951358916514
2011-06-08 10:00:00,143.593190495396
2011-06-08 11:00:00,166.874821584613
2011-06-08 16:00:00,289.36875586917
2011-06-08 18:00:00,525.133694581281
2011-06-08 19:00:00,473.709843260188
2011-06-08 21:00:00,240.925738916256
2011-06-09 09:00:00,244.034802375147
2011-06-09 15:00:00,191.930274093722
2011-06-10 02:00:00,15.0473384586428
2011-06-10 15:00:00,223.837267770544
2011-06-10 16:00:00,335.770822323338
2011-06-10 19:00:00,452.597740937224
2011-06-10 20:00:00,330.360870910699
2011-06-11 05:00:00,22.8844827586207
2011-06-11 06:00:00,109.998899835796
2011-06-11 07:00:00,128.171781609195
2011-06-11 18:00:00,352.547816091954
2011-06-12 02:00:00,71.50469348659
2011-06-12 18:00:00,305.756321839081
2011-06-13 00:00:00,37.8044980769278
2011-06-13 01:00:00,18.1882487327765
2011-06-13 10:00:00,170.030197956577
2011-06-13 17:00:00,700.971597096189
2011-06-13 19:00:00,517.450115162199
2011-06-13 23:00:00,104.775550082102
2011-06-14 03:00:00,6.27307924984876
2011-06-14 08:00:00,525.975274923879
2011-06-14 09:00:00,246.573112902423
2011-06-14 19:00:00,476.857191140339
2011-06-15 01:00:00,19.8187085028914
2011-06-15 14:00:00,218.749074986316
2011-06-16 17:00:00,523.183793103448
2011-06-16 23:00:00,107.713542106498
2011-06-17 02:00:00,10.5322892720307
2011-06-17 10:00:00,194.259706704534
2011-06-17 12:00:00,293.329973130318
2011-06-17 16:00:00,396.778748810643
2011-06-18 07:00:00,87.8639838322597
2011-06-18 09:00:00,258.661045429666
2011-06-18 10:00:00,334.353854837287
2011-06-18 11:00:00,370.628395067172
2011-06-19 02:00:00,80.0549425287357
2011-06-19 09:00:00,241.264137931034
2011-06-19 15:00:00,386.277027914614
2011-06-19 18:00:00,353.643333333333
2011-06-19 20:00:00,249.697260536398
2011-06-19 21:00:00,200.986264367816
2011-06-19 22:00:00,146.491459035218
2011-07-01 00:00:00,71.6692095835199
2011-07-01 06:00:00,125.648981937603
2011-07-01 07:00:00,321.570121703854
2011-07-01 13:00:00,295.971896551724
2011-07-01 16:00:00,382.217549342446
2011-07-01 22:00:00,240.899157088123
2011-07-02 01:00:00,110.172107279693
2011-07-02 03:00:00,43.9996810469224
2011-07-02 04:00:00,20.4504124408384
2011-07-02 11:00:00,342.055016420361
2011-07-02 20:00:00,302.934200253769
2011-07-03 01:00:00,107.034125242574
2011-07-03 03:00:00,43.4429118773946
2011-07-03 04:00:00,23.1012643678161
2011-07-03 07:00:00,90.4558885941645
2011-07-03 09:00:00,224.173381560968
2011-07-03 10:00:00,329.347123910572
2011-07-03 11:00:00,345.087567260326
2011-07-03 13:00:00,418.861217397946
2011-07-03 19:00:00,285.269195402299
2011-07-04 03:00:00,32.5268965517241
2011-07-04 05:00:00,36.9060153256705
2011-07-04 07:00:00,159.424022988506
2011-07-04 17:00:00,497.669655172414
2011-07-05 05:00:00,32.7438552826484
2011-07-05 14:00:00,216.950963825447
2011-07-05 15:00:00,233.731020413838
2011-07-05 19:00:00,486.248429539809
2011-07-06 00:00:00,50.5397542147856
2011-07-06 01:00:00,21.1805057586092
2011-07-06 07:00:00,373.707987056892
2011-07-06 14:00:00,205.364827586207
2011-07-06 15:00:00,236.499655172414
2011-07-06 19:00:00,555.618916256157
2011-07-07 09:00:00,285.491065830721
2011-07-07 12:00:00,242.31355500821
2011-07-07 17:00:00,671.182466843501
2011-07-08 02:00:00,14.9952456738664
2011-07-08 09:00:00,267.881065830721
2011-07-08 17:00:00,293.199770114943
2011-07-08 18:00:00,394.344655172414
2011-07-09 15:00:00,391.652537577365
2011-07-09 17:00:00,380.924287953426
2011-07-09 21:00:00,236.537906403941
2011-07-10 00:00:00,129.932337164751
2011-07-10 05:00:00,13.5311494252874
2011-07-10 09:00:00,226.717289606945
2011-07-10 15:00:00,382.133300492611
2011-07-10 17:00:00,387.045667263771
2011-07-10 18:00:00,376.612071204657
2011-07-10 19:00:00,339.0655276907
2011-07-11 00:00:00,53.9406901753767
2011-07-11 05:00:00,35.1861198188784
2011-07-11 11:00:00,167.446277630416
2011-07-11 12:00:00,193.305632183908
2011-07-11 13:00:00,181.323793103448
2011-07-11 15:00:00,181.55008841733
2011-07-12 10:00:00,158.115553239864
2011-07-13 03:00:00,5.58243799153055
2011-07-13 07:00:00,354.574121358162
2011-07-13 14:00:00,181.77183908046
2011-07-13 16:00:00,210.442717834631
2011-07-14 04:00:00,9.63655172413793
2011-07-14 09:00:00,258.345088819227
2011-07-14 18:00:00,694.729033839723
2011-07-15 02:00:00,15.1452106598608
2011-07-15 03:00:00,9.22612342638205
2011-07-15 16:00:00,373.563523247385
2011-07-15 23:00:00,155.281784989858
2011-07-16 01:00:00,88.4691187739464
2011-07-16 02:00:00,66.3360317460318
2011-07-16 07:00:00,83.124027122303
2011-07-16 13:00:00,429.763596059113
2011-07-16 22:00:00,209.78793377121
2011-07-17 02:00:00,80.1026245210728
2011-07-17 06:00:00,31.4754926108374
2011-07-17 08:00:00,124.071181607294
2011-07-17 11:00:00,330.999291398257
2011-07-17 22:00:00,153.22741290893
2011-07-18 02:00:00,13.3597222222222
2011-07-18 03:00:00,7.21284482758621
2011-07-18 05:00:00,39.3690590635418
2011-07-18 06:00:00,120.736890657236
2011-07-18 07:00:00,345.094785086448
2011-07-18 08:00:00,525.707805253075
2011-07-18 09:00:00,302.427042842215
2011-07-18 11:00:00,187.629013262599
2011-07-18 15:00:00,197.036262473159
2011-07-18 17:00:00,564.645030946066
2011-07-18 21:00:00,284.730229885057
2011-07-19 02:00:00,9.29200358262428
2011-07-19 04:00:00,5.72626467514906
2011-07-19 16:00:00,274.611583277859
2011-07-19 18:00:00,544.109770114943
2011-07-19 19:00:00,514.934061723717
2011-07-19 20:00:00,340.822882404951
2011-07-19 22:00:00,174.316657824934
2011-08-01 00:00:00,49.5479910162982
2011-08-01 05:00:00,29.0318390804598
2011-08-01 09:00:00,225.528446783102
2011-08-01 10:00:00,157.825030103996
2011-08-01 19:00:00,458.950230104728
2011-08-02 00:00:00,48.0416982669021
2011-08-02 08:00:00,450.174693821174
2011-08-02 11:00:00,196.093809523809
2011-08-02 21:00:00,253.007687216997
2011-08-02 23:00:00,132.735402298851
2011-08-03 05:00:00,32.4231896551724
2011-08-03 15:00:00,208.473793103448
2011-08-03 19:00:00,334.952528735632
2011-08-04 06:00:00,142.065577449371
2011-08-04 08:00:00,539.696434379467
2011-08-04 11:00:00,182.091247174732
2011-08-04 15:00:00,236.047600768349
2011-08-04 18:00:00,555.043399014778
2011-08-04 22:00:00,194.718765104627
2011-08-04 23:00:00,145.99437745213
2011-08-05 08:00:00,562.443249513566
2011-08-05 14:00:00,255.648805418719
2011-08-05 15:00:00,253.752594311818
2011-08-06 03:00:00,31.9115270935961
2011-08-06 09:00:00,247.202134646962
2011-08-06 11:00:00,422.182073228092
2011-08-06 17:00:00,321.645977011494
2011-08-07 01:00:00,94.7654679802956
2011-08-07 05:00:00,15.556091954023
2011-08-07 13:00:00,420.508097529308
2011-08-07 16:00:00,332.12724137931
2011-08-07 18:00:00,299.833045977012
2011-08-07 19:00:00,278.049252873563
2011-08-08 04:00:00,4.91373563218391
2011-08-08 12:00:00,249.589540229885
2011-08-08 13:00:00,225.131781609195
2011-08-08 16:00:00,336.64790511694
2011-08-08 19:00:00,478.076467938192
2011-08-08 23:00:00,116.533793103448
2011-08-09 09:00:00,266.989111807732
2011-08-09 11:00:00,174.923540229885
2011-08-09 19:00:00,485.461627089386
2011-08-10 01:00:00,22.1100957854406
2011-08-10 04:00:00,9.82513957307061
2011-08-10 08:00:00,483.562300926712
2011-08-10 14:00:00,208.18039408867
2011-08-10 16:00:00,328.937914800742
2011-08-10 18:00:00,638.31063281546
2011-08-10 19:00:00,522.645287356322
2011-08-10 20:00:00,394.145858997887
2011-08-11 00:00:00,58.8524467735227
2011-08-11 04:00:00,9.15337438423646
2011-08-11 12:00:00,246.017684729064
2011-08-11 15:00:00,224.445920418048
2011-08-12 04:00:00,12.6693117726851
2011-08-12 08:00:00,506.418083630598
2011-08-12 10:00:00,182.345322187391
2011-08-12 14:00:00,258.05925561029
2011-08-12 22:00:00,202.871297208539
2011-08-13 00:00:00,145.064285000357
2011-08-13 01:00:00,104.459367816092
2011-08-13 03:00:00,40.2476420361248
2011-08-13 05:00:00,13.7935960591133
2011-08-13 06:00:00,53.6760591133005
2011-08-13 07:00:00,101.221018062397
2011-08-13 11:00:00,401.285778518304
2011-08-13 13:00:00,368.718932676519
2011-08-14 08:00:00,123.196666666667
2011-08-14 15:00:00,375.045648604269
2011-08-14 16:00:00,374.569329056402
2011-08-14 19:00:00,286.982011494253
2011-08-14 23:00:00,82.4831272294887
2011-08-15 00:00:00,39.0666445466759
2011-08-15 01:00:00,18.6742083657419
2011-08-15 04:00:00,6.89007389162562
2011-08-15 06:00:00,116.225633587358
2011-08-15 09:00:00,247.704738518187
2011-08-15 23:00:00,109.183563218391
2011-08-16 01:00:00,16.0527041241284
2011-08-16 14:00:00,205.83826007326
2011-08-17 00:00:00,51.9000451712936
2011-08-17 06:00:00,158.943898923554
2011-08-17 07:00:00,356.780134019125
2011-08-17 15:00:00,233.727432950192
2011-08-17 17:00:00,752.495683971201
2011-08-17 19:00:00,593.419728317659
2011-08-17 20:00:00,400.802574294085
2011-08-18 07:00:00,384.367751735363
2011-08-18 09:00:00,278.080573219884
2011-08-18 12:00:00,242.01158456486
2011-08-19 01:00:00,26.5002236273419
2011-08-19 04:00:00,7.48353858784894
2011-08-19 09:00:00,259.77367666816
2011-08-19 13:00:00,259.981091954023
2011-08-19 23:00:00,122.031455938697
2011-09-01 05:00:00,35.185002315692
2011-09-01 11:00:00,206.998252873563
2011-09-01 12:00:00,239.305219148667
2011-09-01 16:00:00,384.775872271286
2011-09-01 17:00:00,722.372568580844
2011-09-01 20:00:00,375.866689034961
2011-09-01 21:00:00,250.821896551724
2011-09-01 22:00:00,193.654702194357
2011-09-02 06:00:00,149.791887429301
2011-09-02 10:00:00,196.320706075534
2011-09-02 12:00:00,283.035747126437
2011-09-03 04:00:00,14.1290585659551
2011-09-03 06:00:00,45.7494553913519
2011-09-03 09:00:00,269.385747126437
2011-09-03 10:00:00,330.392036124795
2011-09-03 15:00:00,387.676666666667
2011-09-03 17:00:00,405.215632183908
2011-09-03 18:00:00,386.774137931034
2011-09-04 15:00:00,409.191034482759
2011-09-04 16:00:00,417.597506396303
2011-09-04 18:00:00,414.941609195402
2011-09-04 20:00:00,253.929482758621
2011-09-04 22:00:00,151.180114942529
2011-09-05 06:00:00,85.7457471264368
2011-09-05 11:00:00,287.770689655172
2011-09-05 12:00:00,372.479885057471
2011-09-06 09:00:00,259.149514106583
2011-09-06 10:00:00,106.188390804598
2011-09-06 13:00:00,108.915172413793
2011-09-06 16:00:00,199.121954022989
2011-09-06 21:00:00,135.276798029557
2011-09-06 23:00:00,68.6840038314176
2011-09-07 05:00:00,17.0253092501368
2011-09-07 13:00:00,102.302988505747
2011-09-07 17:00:00,265.680229885058
2011-09-08 04:00:00,6.10977011494253
2011-09-08 13:00:00,176.578275862069
2011-09-09 06:00:00,110.963136288998
2011-09-09 07:00:00,146.875747126437
2011-09-09 12:00:00,165.320689655172
2011-09-09 14:00:00,241.433725182863
2011-09-09 18:00:00,481.521822660098
2011-09-10 08:00:00,160.63908456486
2011-09-10 12:00:00,369.589013409962
2011-09-10 16:00:00,436.195905856595
2011-09-10 18:00:00,398.735172413793
2011-09-10 19:00:00,364.066691048415
2011-09-11 02:00:00,78.7850992685476
2011-09-11 09:00:00,249.640738916256
2011-09-11 12:00:00,366.5755651341
2011-09-11 13:00:00,405.03369139904
2011-09-12 04:00:00,6.30541746940295
2011-09-12 17:00:00,705.40387834613
2011-09-12 22:00:00,145.418538587849
2011-09-13 03:00:00,8.07636311875022
2011-09-13 05:00:00,28.5672687465791
2011-09-13 06:00:00,122.085796387521
2011-09-13 11:00:00,188.325954022989
2011-09-13 12:00:00,228.599277504105
2011-09-13 13:00:00,202.511368363437
2011-09-14 03:00:00,7.46505747126437
2011-09-14 14:00:00,207.576720757268
2011-09-14 16:00:00,382.872456836146
2011-09-14 17:00:00,723.698610584818
2011-09-14 23:00:00,131.950846181733
2011-09-15 08:00:00,579.209923371647
2011-09-15 10:00:00,179.404634962738
2011-09-15 11:00:00,194.705264367816
2011-09-15 14:00:00,241.203035835024
2011-09-16 01:00:00,28.4712105643815
2011-09-16 02:00:00,15.1756192466537
2011-09-16 03:00:00,7.01463543917264
2011-09-16 17:00:00,518.278965517241
2011-09-17 00:00:00,110.766752141504
2011-09-17 01:00:00,80.7013628899836
2011-09-17 04:00:00,10.4852052545156
2011-09-17 15:00:00,321.198649425287
2011-09-17 16:00:00,386.837640297498
2011-09-17 19:00:00,279.167060755337
2011-09-18 01:00:00,89.4198932676519
2011-09-18 05:00:00,11.9576797315628
2011-09-18 06:00:00,33.8324794745484
2011-09-18 08:00:00,122.874500442087
2011-09-18 17:00:00,372.317816091954
2011-09-18 18:00:00,332.521379310345
2011-09-19 10:00:00,161.609449917898
2011-09-19 15:00:00,247.279540229885
2011-09-19 16:00:00,353.40511200856
2011-09-19 18:00:00,617.895862068965
2011-09-19 23:00:00,90.6532967607106
2011-10-01 05:00:00,12.5554699121028
2011-10-02 08:00:00,105.80332123412
2011-10-02 10:00:00,210.145057471264
2011-10-02 17:00:00,200.282068965517
2011-10-02 20:00:00,145.612298850575
2011-10-03 05:00:00,30.2768228210825
2011-10-03 20:00:00,172.711647509579
2011-10-04 09:00:00,310.407996715928
2011-10-05 07:00:00,440.270087531751
2011-10-05 08:00:00,718.217881773399
2011-10-05 17:00:00,741.234269293925
2011-10-05 18:00:00,739.140558292282
2011-10-05 20:00:00,325.34316091954
2011-10-06 04:00:00,6.25219704433498
2011-10-06 09:00:00,303.476009852217
2011-10-06 13:00:00,223.636871921182
2011-10-06 16:00:00,378.755510030557
2011-10-07 04:00:00,8.35272796934866
2011-10-07 12:00:00,311.821954022989
2011-10-07 13:00:00,313.131817186645
2011-10-07 17:00:00,633.440071996969
2011-10-08 04:00:00,9.58745484400657
2011-10-08 08:00:00,137.763135557727
2011-10-08 09:00:00,218.994895506792
2011-10-08 15:00:00,553.17903296951
2011-10-08 16:00:00,566.748390804598
2011-10-08 19:00:00,295.463169129721
2011-10-08 22:00:00,166.566206896552
2011-10-09 11:00:00,469.020574712644
2011-10-09 17:00:00,441.802873563218
2011-10-09 20:00:00,244.715402298851
2011-10-09 22:00:00,106.809652830325
2011-10-10 00:00:00,60.625812093953
2011-10-10 06:00:00,74.8620443349754
2011-10-10 18:00:00,499.758850574712
2011-10-10 19:00:00,311.742594417077
2011-10-11 00:00:00,28.8402092578268
2011-10-11 06:00:00,128.19658456486
2011-10-11 08:00:00,481.01591954023
2011-10-11 09:00:00,274.592413793103
2011-10-11 12:00:00,200.979540229885
2011-10-11 13:00:00,204.946954022989
2011-10-11 14:00:00,165.762298850575
2011-10-11 17:00:00,584.848275862069
2011-10-11 18:00:00,534.171724137931
2011-10-12 07:00:00,377.045753887762
2011-10-12 13:00:00,121.525114942529
2011-10-12 18:00:00,231.635210727969
2011-10-12 19:00:00,202.746896551724
2011-10-12 21:00:00,122.703103448276
2011-10-13 03:00:00,6.48275285434206
2011-10-13 05:00:00,17.0612201591512
2011-10-13 13:00:00,173.324712643678
2011-10-13 20:00:00,245.613524904215
2011-10-14 09:00:00,280.570229885057
2011-10-14 14:00:00,299.561817186645
2011-10-14 15:00:00,302.490782703886
2011-10-14 18:00:00,633.924187192118
2011-10-14 21:00:00,208.731034482759
2011-10-14 23:00:00,140.711631089217
2011-10-15 14:00:00,467.099059561128
2011-10-15 18:00:00,419.46724137931
2011-10-15 21:00:00,191.31275862069
2011-10-15 23:00:00,141.176177492649
2011-10-16 02:00:00,64.6316830870279
2011-10-16 06:00:00,36.517750410509
2011-10-16 12:00:00,462.55131922675
2011-10-16 16:00:00,463.481922675026
2011-10-16 17:00:00,428.399770114943
2011-10-16 21:00:00,188.345034333483
2011-10-17 02:00:00,11.8467870826492
2011-10-17 12:00:00,261.386551724138
2011-10-17 18:00:00,606.073957307061
2011-10-17 20:00:00,259.73724137931
2011-10-17 21:00:00,201.481001642036
2011-10-17 22:00:00,136.591658456486
2011-10-18 03:00:00,5.42313628899836
2011-10-18 06:00:00,149.55210180624
2011-10-18 10:00:00,165.300829228243
2011-10-18 13:00:00,248.247126436782
2011-10-18 21:00:00,226.150985221675
2011-10-18 23:00:00,92.1806376573618
2011-10-19 08:00:00,494.646781609196
2011-10-19 09:00:00,132.987851458886
2011-10-19 20:00:00,150.547471264368
2011-11-01 05:00:00,23.3184036540426
2011-11-01 09:00:00,265.312988505747
2011-11-01 10:00:00,142.338768472906
2011-11-01 18:00:00,488.253234811166
2011-11-02 04:00:00,4.33849002192309
2011-11-02 05:00:00,29.4137524814604
2011-11-02 20:00:00,216.321740558292
2011-11-03 01:00:00,13.9867381435333
2011-11-03 14:00:00,168.688352490421
2011-11-03 16:00:00,264.540932844773
2011-11-03 20:00:00,216.006196216642
2011-11-03 22:00:00,130.645468611848
2011-11-04 01:00:00,19.0835288208377
2011-11-04 02:00:00,12.5881431308155
2011-11-04 03:00:00,7.08547892720307
2011-11-04 07:00:00,275.156666666667
2011-11-04 09:00:00,243.00590070511
2011-11-04 17:00:00,509.220529700185
2011-11-04 22:00:00,144.767527874425
2011-11-04 23:00:00,118.528341543514
2011-11-05 02:00:00,52.5393842364532
2011-11-05 03:00:00,21.8496967895363
2011-11-05 06:00:00,29.2581668905807
2011-11-05 07:00:00,63.7160591133005
2011-11-05 20:00:00,166.266436781609
2011-11-05 22:00:00,131.947011494253
2011-11-06 00:00:00,99.5328605015674
2011-11-06 01:00:00,105.239728317659
2011-11-06 10:00:00,275.80354679803
2011-11-06 11:00:00,380.464474905404
2011-11-06 14:00:00,353.629124668435
2011-11-07 03:00:00,4.95492604290245
2011-11-07 06:00:00,101.021197193611
2011-11-07 08:00:00,449.663908045977
2011-11-07 10:00:00,154.422413793103
2011-11-07 15:00:00,200.256455938697
2011-11-07 17:00:00,538.399385499558
2011-11-07 18:00:00,479.723563218391
2011-11-07 19:00:00,309.867356321839
2011-11-07 21:00:00,166.578505747126
2011-11-08 03:00:00,4.08360676493003
2011-11-08 08:00:00,472.676666666667
2011-11-08 11:00:00,141.394189016603
2011-11-08 16:00:00,279.253279990528
2011-11-08 20:00:00,215.033119868637
2011-11-09 19:00:00,283.588390804598
2011-11-09 22:00:00,116.928620689655
2011-11-10 02:00:00,7.82857747817821
2011-11-10 05:00:00,20.2829419813903
2011-11-10 12:00:00,188.755883962781
2011-11-10 14:00:00,141.143743842364
2011-11-10 15:00:00,143.007060755337
2011-11-10 16:00:00,200.122183908046
2011-11-10 18:00:00,393.508275862069
2011-11-10 20:00:00,227.541893814997
2011-11-11 02:00:00,18.9436590816179
2011-11-11 06:00:00,86.0827257799672
2011-11-11 13:00:00,266.646742718866
2011-11-11 17:00:00,298.209425287356
2011-11-11 19:00:00,234.730344827586
2011-11-11 23:00:00,105.800229885057
2011-11-12 00:00:00,58.6403474399164
2011-11-12 06:00:00,24.5666343235309
2011-11-12 08:00:00,109.828216151664
2011-11-12 09:00:00,176.860344827586
2011-11-12 15:00:00,496.858195853054
2011-11-12 23:00:00,122.191954022989
2011-11-13 03:00:00,30.6589526665239
2011-11-13 10:00:00,295.836781609195
2011-11-13 20:00:00,186.08183908046
2011-11-13 23:00:00,89.3365755053508
2011-11-14 00:00:00,50.403329126464
2011-11-14 01:00:00,25.7450853361198
2011-11-14 02:00:00,14.2079031696273
2011-11-14 06:00:00,110.098669950739
2011-11-14 22:00:00,155.544367816092
2011-11-15 04:00:00,9.20062835249042
2011-11-15 12:00:00,185.804701696771
2011-11-15 13:00:00,150.331149425287
2011-11-15 15:00:00,176.984471811713
2011-11-15 17:00:00,445.879195402299
2011-11-15 20:00:00,228.25908045977
2011-11-15 23:00:00,78.0499328257949
2011-11-16 08:00:00,273.385747126437
2011-11-16 10:00:00,84.8068010150769
2011-11-16 14:00:00,138.052567049808
2011-11-16 16:00:00,132.264879832811
2011-11-16 20:00:00,112.766609195402
2011-11-16 22:00:00,74.5601149425287
2011-11-16 23:00:00,69.6998850574712
2011-11-17 01:00:00,13.4729392446634
2011-11-17 12:00:00,168.593300492611
2011-11-17 22:00:00,121.022789968652
2011-11-17 23:00:00,90.7628243021346
2011-11-18 02:00:00,10.3650774429501
2011-11-18 06:00:00,109.72724137931
2011-11-18 14:00:00,197.42908045977
2011-11-18 21:00:00,135.970032840722
2011-11-18 22:00:00,119.121870428422
2011-11-19 02:00:00,43.8839490968801
2011-11-19 04:00:00,9.83182266009852
2011-11-19 05:00:00,8.68116509926855
2011-11-19 10:00:00,239.611149425287
2011-11-19 12:00:00,412.723017227716
2011-12-01 01:00:00,14.4489655172414
2011-12-01 02:00:00,6.39983374986156
2011-12-01 08:00:00,517.131674876847
2011-12-01 11:00:00,160.438795264022
2011-12-01 20:00:00,236.844367816092
2011-12-02 00:00:00,43.4008755038065
2011-12-02 05:00:00,24.1231937602627
2011-12-02 06:00:00,102.407560829975
2011-12-02 21:00:00,162.429014778325
2011-12-02 22:00:00,125.29105090312
2011-12-03 07:00:00,41.9383908045977
2011-12-03 10:00:00,265.792643678161
2011-12-03 17:00:00,300.333809523809
2011-12-03 22:00:00,128.496896551724
2011-12-04 01:00:00,84.4359852216749
2011-12-04 03:00:00,26.051337408219
2011-12-04 04:00:00,11.1971264367816
2011-12-04 05:00:00,12.3512922110373
2011-12-04 09:00:00,196.002873563218
2011-12-04 10:00:00,254.028275862069
2011-12-04 20:00:00,157.222988505747
2011-12-05 01:00:00,13.3952107279694
2011-12-05 09:00:00,241.443601532567
2011-12-05 11:00:00,169.154597701149
2011-12-05 13:00:00,213.101855500821
2011-12-05 17:00:00,488.527063740857
2011-12-05 18:00:00,480.947126436782
2011-12-05 20:00:00,270.185057471264
2011-12-06 02:00:00,8.54440886699508
2011-12-06 10:00:00,74.4976299945265
2011-12-06 13:00:00,98.4844061302682
2011-12-06 14:00:00,81.5348275862069
2011-12-06 16:00:00,176.019923371648
2011-12-06 23:00:00,70.1107279693487
2011-12-07 01:00:00,10.611288998358
2011-12-07 08:00:00,245.640114942529
2011-12-07 12:00:00,61.6866039707419
2011-12-08 00:00:00,28.2941153737705
2011-12-08 02:00:00,8.1183428098679
2011-12-08 07:00:00,325.875911330049
2011-12-08 16:00:00,271.653566701498
2011-12-08 21:00:00,161.016880131363
2011-12-09 06:00:00,103.008710255262
2011-12-09 09:00:00,270.083295019157
2011-12-09 12:00:00,219.46645320197
2011-12-09 15:00:00,220.940111957009
2011-12-09 23:00:00,96.0347480106101
2011-12-10 02:00:00,54.6142528735632
2011-12-10 09:00:00,146.249728317659
2011-12-10 10:00:00,227.797662835249
2011-12-10 12:00:00,248.969134550372
2011-12-10 13:00:00,271.358023439261
2011-12-10 16:00:00,221.685104098066
2011-12-11 05:00:00,7.2871592775041
2011-12-11 11:00:00,194.690574712644
2011-12-12 02:00:00,6.5631855500821
2011-12-12 11:00:00,146.954000518538
2011-12-12 15:00:00,177.078938149973
2011-12-12 18:00:00,426.500344827586
2011-12-12 19:00:00,266.324827586207
2011-12-12 22:00:00,108.551674876847
2011-12-13 04:00:00,4.19799671592775
2011-12-13 07:00:00,257.853955067921
2011-12-13 18:00:00,455.466436781609
2011-12-13 20:00:00,221.40267104543
2011-12-14 07:00:00,287.047813852814
2011-12-14 09:00:00,273.881188061431
2011-12-14 15:00:00,194.762164750958
2011-12-14 16:00:00,299.554310344828
2011-12-14 17:00:00,461.715484400657
2011-12-14 23:00:00,81.7048054818745
2011-12-15 04:00:00,5.97650246305419
2011-12-15 07:00:00,293.762403343783
2011-12-15 21:00:00,213.003243021347
2011-12-16 00:00:00,58.1498081803254
2011-12-16 05:00:00,32.1292654742148
2011-12-16 06:00:00,118.17750410509
2011-12-16 13:00:00,179.493876698015
2011-12-16 15:00:00,172.392216748769
2011-12-16 22:00:00,122.257224958949
2011-12-17 00:00:00,81.4994752948201
2011-12-17 01:00:00,76.3057471264368
2011-12-17 04:00:00,7.83591954022989
2011-12-17 06:00:00,31.278262427228
2011-12-17 08:00:00,101.0684941455
2011-12-17 09:00:00,131.724555903866
2011-12-17 16:00:00,213.437705978943
2011-12-17 20:00:00,103.238965517241
2011-12-17 21:00:00,89.4016420361248
2011-12-18 01:00:00,60.9035632183908
2011-12-18 04:00:00,9.0963711001642
2011-12-18 11:00:00,154.75275862069
2011-12-18 13:00:00,223.223338162851
2011-12-18 21:00:00,74.6443842364532
2011-12-19 05:00:00,16.8645484400657
2011-12-19 13:00:00,169.927996715928
2011-12-19 17:00:00,495.990574712644
2011-12-19 18:00:00,455.337643678161
2012-01-01 03:00:00,22.1289855072464
2012-01-01 09:00:00,116.434555903866
2012-01-01 23:00:00,72.448556895608
2012-01-02 02:00:00,14.8011822660099
2012-01-02 04:00:00,6.06316912972086
2012-01-02 11:00:00,112.878452007762
2012-01-02 20:00:00,100.108128078818
2012-01-03 00:00:00,10.873006750593
2012-01-03 01:00:00,5.07382047071703
2012-01-03 11:00:00,66.9110344827586
2012-01-03 12:00:00,75.9894252873563
2012-01-03 13:00:00,87.0488505747126
2012-01-03 16:00:00,106.48227695676
2012-01-03 21:00:00,63.6004597701149
2012-01-03 22:00:00,35.746091954023
2012-01-04 09:00:00,134.829901477832
2012-01-04 13:00:00,79.3552873563218
2012-01-04 20:00:00,91.0084031198687
2012-01-04 21:00:00,63.075960591133
2012-01-05 08:00:00,403.220114942529
2012-01-05 11:00:00,155.311004234725
2012-01-05 19:00:00,238.265057471264
2012-01-05 21:00:00,92.5260344827586
2012-01-06 01:00:00,8.83578817733991
2012-01-06 05:00:00,14.8165517241379
2012-01-06 06:00:00,51.1265517241379
2012-01-06 07:00:00,176.368965517241
2012-01-06 15:00:00,206.654597701149
2012-01-06 16:00:00,231.003292547275
2012-01-07 01:00:00,62.2975478927203
2012-01-07 03:00:00,20.2311535611505
2012-01-07 05:00:00,6.12860483551328
2012-01-07 08:00:00,41.6116871921182
2012-01-07 19:00:00,292.828275862069
2012-01-08 17:00:00,182.790114942529
2012-01-09 01:00:00,5.48749425287356
2012-01-09 05:00:00,14.1130541871921
2012-01-09 18:00:00,155.707356321839
2012-01-10 00:00:00,12.1026272577997
2012-01-10 11:00:00,156.07541533724
2012-01-10 17:00:00,451.194159663866
2012-01-10 20:00:00,157.478945233266
2012-01-11 03:00:00,3.66036781609196
2012-01-11 04:00:00,3.23197865353038
2012-01-11 13:00:00,85.8131034482758
2012-01-12 02:00:00,7.53207501512402
2012-01-12 04:00:00,4.28066966516742
2012-01-12 05:00:00,14.2835496957404
2012-01-12 12:00:00,132.442463054187
2012-01-12 20:00:00,165.438255578093
2012-01-13 04:00:00,4.35873206254016
2012-01-13 07:00:00,178.058735632184
2012-01-13 11:00:00,95.8271428571428
2012-01-13 12:00:00,95.9909688013136
2012-01-13 13:00:00,119.561756978654
2012-01-14 06:00:00,16.4523563218391
2012-01-14 08:00:00,33.2208990147783
2012-01-14 10:00:00,94.7689655172414
2012-01-14 19:00:00,82.6697701149425
2012-01-15 03:00:00,12.5373563218391
2012-01-15 04:00:00,6.87642036124795
2012-01-15 14:00:00,118.644655172414
2012-01-15 22:00:00,47.1358620689655
2012-01-16 09:00:00,87.9539916405433
2012-01-16 12:00:00,101.099944270289
2012-01-16 18:00:00,146.936436781609
2012-01-16 23:00:00,47.078275862069
2012-01-17 01:00:00,7.42252873563218
2012-01-17 05:00:00,18.6288370520622
2012-01-17 09:00:00,117.906666666667
2012-01-17 10:00:00,76.3161494252874
2012-01-17 11:00:00,107.317701149425
2012-01-17 12:00:00,86.5725570980744
2012-01-17 14:00:00,154.493287785012
2012-01-17 16:00:00,252.185591397849
2012-01-17 18:00:00,414.263440065681
2012-01-18 01:00:00,17.6301423097975
2012-01-18 02:00:00,10.3886924207069
2012-01-18 03:00:00,6.06965833017557
2012-01-18 05:00:00,19.3811471376209
2012-01-18 13:00:00,119.088275862069
2012-01-18 16:00:00,149.406185002737
2012-01-18 20:00:00,105.77525862069
2012-01-18 21:00:00,66.466091954023
2012-01-19 05:00:00,7.43512315270936
2012-01-19 15:00:00,113.668246006867
2012-01-19 17:00:00,218.13894909688
2012-01-19 18:00:00,222.346896551724
2012-01-19 21:00:00,103.588563218391
2012-02-01 04:00:00,4.08392446633826
2012-02-01 07:00:00,152.855747126437
2012-02-01 10:00:00,123.623793103448
2012-02-01 15:00:00,185.150689655172
2012-02-01 20:00:00,213.843883415435
2012-02-02 00:00:00,38.1779222787976
2012-02-02 01:00:00,16.2166666666667
2012-02-02 03:00:00,4.41476190476191
2012-02-02 08:00:00,317.19
2012-02-02 13:00:00,166.909655172414
2012-02-02 17:00:00,433.516335361731
2012-02-03 06:00:00,54.735632183908
2012-02-03 12:00:00,174.056206896552
2012-02-03 13:00:00,174.140574712644
2012-02-03 14:00:00,158.657816091954
2012-02-03 22:00:00,110.234117721359
2012-02-03 23:00:00,53.3012643678161
2012-02-04 00:00:00,39.8362218241529
2012-02-04 02:00:00,31.8511986863711
2012-02-05 07:00:00,36.2185057471264
2012-02-05 17:00:00,141.40026272578
2012-02-05 21:00:00,76.4566283524904
2012-02-05 23:00:00,39.3837460815047
2012-02-06 02:00:00,3.66914176245211
2012-02-06 09:00:00,152.931494252874
2012-02-06 13:00:00,139.167701149425
2012-02-06 14:00:00,136.609350132626
2012-02-06 17:00:00,401.066737660582
2012-02-07 01:00:00,7.61789819376026
2012-02-07 07:00:00,203.158505747126
2012-02-07 08:00:00,378.579827586207
2012-02-07 15:00:00,157.651410390376
2012-02-07 19:00:00,251.81724137931
2012-02-07 21:00:00,127.408045977011
2012-02-07 23:00:00,72.095785440613
2012-02-08 00:00:00,34.6551750458365
2012-02-08 01:00:00,8.15226600985222
2012-02-08 05:00:00,14.0332525127625
2012-02-08 06:00:00,67.4303448275862
2012-02-08 07:00:00,191.206551724138
2012-02-08 11:00:00,108.912298850575
2012-02-08 13:00:00,124.905517241379
2012-02-08 16:00:00,112.491097178683
2012-02-09 01:00:00,7.49866447728517
2012-02-09 04:00:00,1.86
2012-02-09 07:00:00,168.487471264368
2012-02-09 10:00:00,73.7886206896552
2012-02-09 11:00:00,97.7594252873564
2012-02-09 15:00:00,140.603448275862
2012-02-09 22:00:00,92.7592282430213
2012-02-10 03:00:00,3.66438871473354
2012-02-10 08:00:00,334.092660098522
2012-02-10 23:00:00,60.6288505747126
2012-02-11 01:00:00,34.5294581280788
2012-02-11 06:00:00,13.6641267353336
2012-02-11 09:00:00,118.777931034483
2012-02-11 11:00:00,128.879634273772
2012-02-11 12:00:00,195.620574712644
2012-02-11 19:00:00,81.8459770114943
2012-02-11 20:00:00,62.737868338558
2012-02-11 23:00:00,40.5162151067324
2012-02-12 06:00:00,15.6904597701149
2012-02-12 09:00:00,80.6425287356322
2012-02-12 11:00:00,101.150512016719
2012-02-12 19:00:00,80.9435632183908
2012-02-13 09:00:00,119.335551574862
2012-02-13 19:00:00,202.572988505747
2012-02-13 21:00:00,82.6958620689655
2012-02-13 22:00:00,76.8850574712644
2012-02-14 02:00:00,4.68989259983815
2012-02-14 05:00:00,12.1440886699507
2012-02-14 06:00:00,69.575632183908
2012-02-14 09:00:00,192.054482758621
2012-02-14 13:00:00,125.689195402299
2012-02-14 15:00:00,144.504513838652
2012-02-14 19:00:00,206.790804597701
2012-02-15 01:00:00,11.0415106732348
2012-02-15 02:00:00,4.6926059401377
2012-02-15 04:00:00,2.40459770114943
2012-02-15 13:00:00,153.432720306513
2012-02-15 20:00:00,157.27128787147
2012-02-16 03:00:00,3.46453201970443
2012-02-16 05:00:00,16.9136646382691
2012-02-16 19:00:00,192.839195402299
2012-02-17 04:00:00,3.16229885057471
2012-02-17 08:00:00,333.521280788177
2012-02-17 09:00:00,172.226666666667
2012-02-17 18:00:00,404.071855500821
2012-02-18 01:00:00,55.6900574712644
2012-02-18 03:00:00,15.7825575020372
2012-02-18 08:00:00,65.4802914614122
2012-02-18 10:00:00,158.877011494253
2012-02-18 12:00:00,220.195651340996
2012-02-19 00:00:00,74.2224137931034
2012-02-19 11:00:00,133.164942528736
2012-02-19 13:00:00,203.40153256705
2012-02-19 17:00:00,161.4839408867
2012-03-01 00:00:00,26.4789884062298
2012-03-01 02:00:00,9.67191023535851
2012-03-01 16:00:00,280.334780587039
2012-03-01 23:00:00,75.4249261083744
2012-03-02 11:00:00,176.864597701149
2012-03-03 10:00:00,176.278735632184
2012-03-03 19:00:00,225.551149425287
2012-03-03 21:00:00,170.227011494253
2012-03-03 22:00:00,106.882816091954
2012-03-04 05:00:00,13.8043103448276
2012-03-04 12:00:00,210.978472906404
2012-03-04 19:00:00,119.517931034483
2012-03-05 07:00:00,143.699885057471
2012-03-05 09:00:00,177.461756978654
2012-03-05 10:00:00,105.94
2012-03-05 11:00:00,102.157931034483
2012-03-05 14:00:00,109.778390804598
2012-03-05 17:00:00,209.473218390805
2012-03-05 18:00:00,196.961379310345
2012-03-06 01:00:00,6.55872194854953
2012-03-06 06:00:00,43.1974712643678
2012-03-06 12:00:00,110.678975966562
2012-03-06 16:00:00,143.090810071155
2012-03-07 00:00:00,14.3985948587945
2012-03-07 03:00:00,3.18270935960591
2012-03-07 04:00:00,2.97384236453202
2012-03-07 06:00:00,64.5136781609195
2012-03-07 09:00:00,203.370689655172
2012-03-07 12:00:00,184.255412748171
2012-03-07 16:00:00,265.194631837884
2012-03-07 17:00:00,553.752139959432
2012-03-07 19:00:00,343.886764010339
2012-03-07 22:00:00,128.955041050903
2012-03-08 03:00:00,6.26327586206897
2012-03-09 01:00:00,26.7376023526698
2012-03-09 04:00:00,5.00655172413793
2012-03-09 05:00:00,20.200150680962
2012-03-09 08:00:00,368.135862068966
2012-03-09 11:00:00,153.203908045977
2012-03-09 16:00:00,249.510895174533
2012-03-09 17:00:00,370.1596112238
2012-03-09 23:00:00,67.3892791882447
2012-03-10 01:00:00,56.47
2012-03-10 05:00:00,7.1130459770115
2012-03-10 07:00:00,78.3654022988506
2012-03-10 12:00:00,203.903908045977
2012-03-10 22:00:00,74.1475862068965
2012-03-11 04:00:00,14.4025123152709
2012-03-11 07:00:00,42.0996551724138
2012-03-11 09:00:00,114.7178892372
2012-03-11 11:00:00,221.773364681296
2012-03-11 12:00:00,278.120164203612
2012-03-11 15:00:00,368.849109195402
2012-03-11 17:00:00,383.840821018062
2012-03-12 14:00:00,220.964482758621
2012-03-13 03:00:00,4.21252873563219
2012-03-13 04:00:00,5.35747802569304
2012-03-13 11:00:00,188.328171368861
2012-03-13 12:00:00,246.208178603006
2012-03-13 15:00:00,238.352157382847
2012-03-13 21:00:00,220.153300492611
2012-03-14 11:00:00,197.54491954023
2012-03-14 18:00:00,655.550310379276
2012-03-14 20:00:00,327.053462433976
2012-03-15 03:00:00,8.00563218390804
2012-03-15 04:00:00,4.57561705141827
2012-03-15 11:00:00,194.370434227331
2012-03-15 16:00:00,341.241049168291
2012-03-16 03:00:00,5.38252873563218
2012-03-16 04:00:00,5.21230561189993
2012-03-16 05:00:00,22.1996416497634
2012-03-16 09:00:00,235.363957307061
2012-03-16 11:00:00,168.230574712644
2012-03-16 15:00:00,149.484942528736
2012-03-16 17:00:00,313.176781609196
2012-03-16 20:00:00,225.157643678161
2012-03-16 22:00:00,110.064137931034
2012-03-16 23:00:00,86.4166666666666
2012-03-17 06:00:00,18.5241652983032
2012-03-17 14:00:00,571.459320794148
2012-03-17 17:00:00,539.796929392447
2012-03-17 22:00:00,165.564696223317
2012-03-17 23:00:00,105.13302134647
2012-03-18 05:00:00,9.03045477261369
2012-03-18 08:00:00,129.455214211076
2012-03-18 20:00:00,201.303333333333
2012-03-18 22:00:00,124.054422945267
2012-03-19 03:00:00,5.56247126436782
2012-03-19 13:00:00,248.489869900215
2012-03-19 16:00:00,303.72733409419
2012-03-19 19:00:00,394.828353110894
2012-03-19 23:00:00,85.9071264367816
2012-04-01 01:00:00,57.5973833671399
2012-04-01 04:00:00,13.0325444096134
2012-04-01 14:00:00,325.778927203065
2012-04-01 18:00:00,349.866198686371
2012-04-01 21:00:00,151.812931034483
2012-04-01 23:00:00,67.1001715644641
2012-04-02 04:00:00,5.03986266606956
2012-04-02 14:00:00,242.658243021346
2012-04-02 15:00:00,248.838045977012
2012-04-02 16:00:00,298.896501618415
2012-04-02 19:00:00,359.570369026013
2012-04-02 20:00:00,256.621830870279
2012-04-02 22:00:00,116.441897183276
2012-04-03 03:00:00,3.90252873563219
2012-04-03 10:00:00,202.497848932677
2012-04-03 20:00:00,301.655894909688
2012-04-03 23:00:00,104.734645469473
2012-04-04 10:00:00,146.60245210728
2012-04-04 16:00:00,327.484839165184
2012-04-04 18:00:00,648.344141414141
2012-04-05 01:00:00,18.1366124297159
2012-04-05 08:00:00,468.715599343186
2012-04-05 14:00:00,242.40881773399
2012-04-05 16:00:00,320.063837656278
2012-04-05 21:00:00,176.615413512756
2012-04-06 03:00:00,5.4476245210728
2012-04-06 04:00:00,5.1860153256705
2012-04-06 13:00:00,291.55052545156
2012-04-06 15:00:00,331.354433497537
2012-04-06 17:00:00,538.926569407604
2012-04-06 23:00:00,134.347931034483
2012-04-07 01:00:00,61.8851149425287
2012-04-07 04:00:00,9.06908045977012
2012-04-07 06:00:00,40.6306530825496
2012-04-07 16:00:00,507.269637266047
2012-04-07 18:00:00,401.098563218391
2012-04-08 08:00:00,106.826026272578
2012-04-08 11:00:00,354.938927808823
2012-04-08 13:00:00,488.109634646962
2012-04-08 18:00:00,399.729942528736
2012-04-09 04:00:00,5.64835199283475
2012-04-09 07:00:00,267.805379340653
2012-04-09 15:00:00,221.840835543767
2012-04-09 19:00:00,349.844966727163
2012-04-09 20:00:00,249.974778325123
2012-04-09 23:00:00,75.7150574712644
2012-04-10 03:00:00,2.94362068965517
2012-04-10 09:00:00,255.842528735632
2012-04-10 23:00:00,83.6067816091954
2012-04-11 05:00:00,18.0610373804694
2012-04-11 08:00:00,451.697270114943
2012-04-11 12:00:00,153.326190476191
2012-04-11 20:00:00,165.603734505296
2012-04-11 23:00:00,81.3559003831418
2012-04-12 03:00:00,2.96563218390805
2012-04-12 08:00:00,405.657192118227
2012-04-12 11:00:00,189.586364981466
2012-04-12 12:00:00,224.24
2012-04-13 03:00:00,4.0966091954023
2012-04-13 04:00:00,4.69360153256705
2012-04-13 10:00:00,208.247159277504
2012-04-13 17:00:00,562.532891246684
2012-04-14 09:00:00,193.800929989551
2012-04-14 10:00:00,269.398516196447
2012-04-14 17:00:00,521.149540229885
2012-04-15 01:00:00,88.739830000966
2012-04-15 07:00:00,134.397931838277
2012-04-15 10:00:00,313.821786833856
2012-04-15 11:00:00,459.396264367816
2012-04-15 14:00:00,594.71290229885
2012-04-15 16:00:00,551.91267020336
2012-04-15 18:00:00,501.431159874608
2012-04-16 02:00:00,33.9366193373901
2012-04-16 04:00:00,10.064302134647
2012-04-16 05:00:00,21.2516674130467
2012-04-16 06:00:00,62.1499616858238
2012-04-16 10:00:00,261.817260785192
2012-04-16 16:00:00,403.033934571176
2012-04-16 20:00:00,299.989209085933
2012-04-16 23:00:00,129.201215106732
2012-04-17 00:00:00,36.6032444470508
2012-04-17 08:00:00,517.130193647019
2012-04-17 11:00:00,200.258137931034
2012-04-17 19:00:00,469.017026850947
2012-04-17 21:00:00,228.387668308703
2012-04-18 01:00:00,18.0550923023337
2012-04-18 09:00:00,206.490574712644
2012-04-18 16:00:00,204.7323073256
2012-04-18 21:00:00,113.631494252874
2012-04-18 22:00:00,96.5515435139573
2012-04-19 11:00:00,157.810491698595
2012-04-19 12:00:00,209.894548440066
2012-04-19 16:00:00,327.939784800474
2012-04-19 20:00:00,250.800237129335
2012-04-19 23:00:00,120.132325507005
2012-05-01 00:00:00,32.675016463751
2012-05-01 02:00:00,9.34699507389163
2012-05-01 09:00:00,271.38026123302
2012-05-01 17:00:00,634.684204504083
2012-05-02 03:00:00,6.91084657830575
2012-05-02 13:00:00,175.695835023665
2012-05-02 16:00:00,330.826681250677
2012-05-02 18:00:00,504.920968801314
2012-05-02 23:00:00,93.0140593478771
2012-05-03 01:00:00,17.9941874671003
2012-05-03 04:00:00,5.22999034096397
2012-05-03 10:00:00,157.770065681445
2012-05-03 11:00:00,174.259066278549
2012-05-03 21:00:00,211.807816091954
2012-05-03 22:00:00,185.93749589491
2012-05-04 00:00:00,64.33274867703
2012-05-04 05:00:00,27.9053290511607
2012-05-04 16:00:00,373.76364457561
2012-05-04 17:00:00,614.150283777525
2012-05-05 10:00:00,422.329294162443
2012-05-05 12:00:00,444.765253147236
2012-05-05 16:00:00,457.970689655173
2012-05-06 00:00:00,106.123634163779
2012-05-06 01:00:00,87.8430825496343
2012-05-06 05:00:00,16.3766489832007
2012-05-06 08:00:00,118.530792498488
2012-05-06 14:00:00,457.628390804598
2012-05-06 15:00:00,475.498390804598
2012-05-07 01:00:00,24.4638176577346
2012-05-07 12:00:00,218.535632183908
2012-05-07 22:00:00,150.139770114943
2012-05-08 04:00:00,6.83503139186709
2012-05-08 05:00:00,23.4531260884709
2012-05-08 06:00:00,129.865550082102
2012-05-08 08:00:00,495.29052811302
2012-05-08 17:00:00,591.201514462549
2012-05-08 18:00:00,563.686174055829
2012-05-08 22:00:00,112.507848932677
2012-05-09 01:00:00,22.3276471683187
2012-05-09 17:00:00,574.01350132626
2012-05-09 21:00:00,115.145862068966
2012-05-10 02:00:00,13.5010892172961
2012-05-10 05:00:00,36.9388525841974
2012-05-10 06:00:00,130.784088669951
2012-05-10 08:00:00,471.47100795756
2012-05-11 13:00:00,311.076283524904
2012-05-11 15:00:00,320.193850574713
2012-05-11 17:00:00,621.541170898068
2012-05-12 02:00:00,60.275197044335
2012-05-12 11:00:00,526.300063182694
2012-05-12 14:00:00,624.014639498432
2012-05-12 23:00:00,192.162499331729
2012-05-13 05:00:00,22.3017310850069
2012-05-13 07:00:00,99.0324753694581
2012-05-13 08:00:00,145.838676349898
2012-05-13 10:00:00,357.465076877146
2012-05-13 11:00:00,476.17973727422
2012-05-13 17:00:00,517.831584564861
2012-05-14 07:00:00,142.975517241379
2012-05-14 12:00:00,172.954367816092
2012-05-14 16:00:00,311.30831801059
2012-05-14 19:00:00,257.094252873563
2012-05-15 13:00:00,184.624679802956
2012-05-15 18:00:00,634.930752351097
2012-05-15 19:00:00,423.023641299375
2012-05-16 05:00:00,21.4612656309208
2012-05-16 14:00:00,260.824729064039
2012-05-16 15:00:00,260.591034482759
2012-05-16 20:00:00,349.252209768453
2012-05-16 23:00:00,147.774903628118
2012-05-17 02:00:00,13.8302496055894
2012-05-17 06:00:00,142.853711001642
2012-05-17 09:00:00,271.233594566353
2012-05-17 14:00:00,253.370016420361
2012-05-18 21:00:00,273.654043198181
2012-05-19 04:00:00,15.3885733603786
2012-05-19 13:00:00,633.917602627258
2012-05-19 21:00:00,252.617192118227
2012-06-01 04:00:00,7.02339830084957
2012-06-01 10:00:00,189.878139025725
2012-06-01 12:00:00,262.990459770115
2012-06-01 14:00:00,218.852068965517
2012-06-01 15:00:00,238.224137931035
2012-06-01 19:00:00,242.731034482759
2012-06-02 03:00:00,31.0524696223317
2012-06-02 05:00:00,12.2171583509634
2012-06-02 07:00:00,91.8954515599343
2012-06-02 15:00:00,594.626381081168
2012-06-02 16:00:00,587.367842617153
2012-06-02 21:00:00,277.332271483306
2012-06-02 22:00:00,215.298579638752
2012-06-03 00:00:00,125.579504154849
2012-06-03 04:00:00,13.9916571933813
2012-06-03 07:00:00,105.512791461412
2012-06-03 08:00:00,143.222325559128
2012-06-03 14:00:00,617.134243295019
2012-06-03 17:00:00,551.424132457581
2012-06-03 18:00:00,505.739435736677
2012-06-04 00:00:00,45.9395337487471
2012-06-04 14:00:00,230.207413793103
2012-06-04 18:00:00,650.78465044534
2012-06-04 20:00:00,361.936354646563
2012-06-05 02:00:00,9.85114942528736
2012-06-05 03:00:00,6.00183908045977
2012-06-05 08:00:00,477.417015622111
2012-06-05 12:00:00,242.385402298851
2012-06-05 19:00:00,430.542765420868
2012-06-05 21:00:00,241.444540229885
2012-06-05 23:00:00,120.303961337513
2012-06-06 01:00:00,19.9457418909593
2012-06-06 12:00:00,278.40032967033
2012-06-06 18:00:00,524.044639498433
2012-06-06 22:00:00,157.70224137931
2012-06-07 00:00:00,45.8229948557275
2012-06-07 01:00:00,22.2130459770115
2012-06-07 11:00:00,209.667333824541
2012-06-07 12:00:00,277.719354132458
2012-06-07 18:00:00,675.981937258144
2012-06-08 01:00:00,32.0557612818632
2012-06-08 04:00:00,6.98674468826193
2012-06-08 08:00:00,594.399533955078
2012-06-08 11:00:00,226.513933588761
2012-06-08 16:00:00,401.333331354536
2012-06-08 19:00:00,431.11036027006
2012-06-08 20:00:00,335.789736609428
2012-06-09 06:00:00,68.9714221028014
2012-06-09 11:00:00,415.719652673663
2012-06-10 05:00:00,17.636903517938
2012-06-10 08:00:00,109.403614557485
2012-06-10 09:00:00,235.935363984674
2012-06-10 11:00:00,389.974022988506
2012-06-10 12:00:00,474.649714934891
2012-06-10 15:00:00,472.630804597701
2012-06-10 16:00:00,462.098436041371
2012-06-10 17:00:00,461.84816091954
2012-06-10 22:00:00,167.024632183908
2012-06-11 00:00:00,48.2953683560739
2012-06-11 04:00:00,6.44235632183908
2012-06-11 11:00:00,184.898685598377
2012-06-11 16:00:00,385.606484933209
2012-06-11 17:00:00,668.575830119846
2012-06-11 18:00:00,601.332988505747
2012-06-11 22:00:00,180.056091954023
2012-06-12 00:00:00,45.7141016926355
2012-06-12 05:00:00,26.784277665089
2012-06-12 16:00:00,289.492411321221
2012-06-12 18:00:00,481.974113300493
2012-06-12 22:00:00,169.026165845649
2012-06-13 03:00:00,6.34811059781114
2012-06-13 05:00:00,29.1956515019801
2012-06-13 11:00:00,201.619046846325
2012-06-13 14:00:00,250.471740558292
2012-06-13 15:00:00,256.122052545156
2012-06-13 19:00:00,487.183879099412
2012-06-13 21:00:00,263.734646962233
2012-06-13 23:00:00,116.881672197615
2012-06-14 03:00:00,7.31257728278718
2012-06-14 04:00:00,8.0081684157921
2012-06-14 09:00:00,287.151076777629
2012-06-14 18:00:00,667.488397923915
2012-06-14 19:00:00,483.707150540614
2012-06-15 00:00:00,58.1725202847326
2012-06-15 02:00:00,11.993635741653
2012-06-15 15:00:00,340.966921928646
2012-06-15 20:00:00,317.609130950719
2012-06-15 23:00:00,155.652950835507
2012-06-16 02:00:00,72.7836343732896
2012-06-16 12:00:00,612.902075807334
2012-06-16 13:00:00,531.05474137931
2012-06-16 15:00:00,485.983103448276
2012-06-16 19:00:00,424.874315569488
2012-06-16 21:00:00,247.577668308703
2012-06-17 14:00:00,528.186235632184
2012-06-17 16:00:00,508.195555555556
2012-06-17 19:00:00,419.769655172414
2012-06-17 22:00:00,175.100457428026
2012-06-18 07:00:00,170.54183908046
2012-06-18 17:00:00,594.629441707718
2012-06-18 23:00:00,94.7458620689655
2012-06-19 03:00:00,7.85270864567716
2012-06-19 06:00:00,133.506464148878
2012-06-19 07:00:00,371.101501014199
2012-06-19 17:00:00,628.268230390299
2012-06-19 22:00:00,172.497848932676
2012-07-01 01:00:00,97.503197492163
2012-07-01 06:00:00,32.3160530636937
2012-07-01 07:00:00,85.1154230348196
2012-07-01 16:00:00,386.587785542445
2012-07-02 04:00:00,12.4263918040979
2012-07-02 06:00:00,124.610858911204
2012-07-02 12:00:00,225.692528735632
2012-07-02 14:00:00,213.833882669055
2012-07-02 15:00:00,226.838838610966
2012-07-02 17:00:00,693.982811671087
2012-07-02 19:00:00,481.147318007663
2012-07-02 20:00:00,353.927387267904
2012-07-02 22:00:00,208.262481163724
2012-07-03 02:00:00,10.4287279693487
2012-07-03 04:00:00,6.12308509610741
2012-07-03 05:00:00,30.7663183368356
2012-07-03 12:00:00,233.190574712644
2012-07-03 21:00:00,244.834688013136
2012-07-04 03:00:00,38.5586590038314
2012-07-04 14:00:00,427.379195402299
2012-07-04 19:00:00,419.994096133751
2012-07-04 20:00:00,339.13570050639
2012-07-04 21:00:00,355.144039408867
2012-07-05 02:00:00,12.611554952031
2012-07-05 06:00:00,146.796206896552
2012-07-05 16:00:00,287.885914389614
2012-07-05 17:00:00,545.512183908046
2012-07-05 21:00:00,285.822816091954
2012-07-05 23:00:00,162.07222364808
2012-07-06 05:00:00,34.2461389759666
2012-07-07 03:00:00,32.3056704980843
2012-07-07 11:00:00,353.236379310345
2012-07-08 00:00:00,151.533305966065
2012-07-08 01:00:00,112.685956112853
2012-07-08 03:00:00,49.6845414738518
2012-07-08 14:00:00,354.804632833085
2012-07-09 00:00:00,37.0564236181791
2012-07-09 15:00:00,250.424782781738
2012-07-09 16:00:00,354.038381307416
2012-07-10 06:00:00,142.257465790914
2012-07-10 11:00:00,180.015034482759
2012-07-10 16:00:00,326.424298110919
2012-07-10 18:00:00,455.333333333333
2012-07-10 19:00:00,367.592512315271
2012-07-10 21:00:00,179.62908045977
2012-07-10 22:00:00,162.767799671593
2012-07-11 17:00:00,659.969491860404
2012-07-12 16:00:00,360.211829583278
2012-07-13 04:00:00,10.5389662311701
2012-07-13 05:00:00,37.0290421455939
2012-07-13 06:00:00,159.453316912972
2012-07-13 15:00:00,335.441085006947
2012-07-13 20:00:00,361.392011494253
2012-07-14 07:00:00,86.0198235098235
2012-07-14 12:00:00,422.64184318555
2012-07-14 14:00:00,424.045779967159
2012-07-14 17:00:00,327.863842364532
2012-07-15 00:00:00,114.561428571429
2012-07-15 11:00:00,353.557271693823
2012-07-15 13:00:00,429.247375033414
2012-07-15 23:00:00,98.36224107683
2012-07-16 02:00:00,12.8476984840913
2012-07-16 14:00:00,158.621567398119
2012-07-16 18:00:00,537.005747126437
2012-07-17 00:00:00,40.2753234539755
2012-07-17 01:00:00,16.2558157551261
2012-07-17 06:00:00,134.357405582923
2012-07-17 09:00:00,244.886812957158
2012-07-17 11:00:00,176.455720081136
2012-07-17 16:00:00,299.038065456938
2012-07-17 17:00:00,551.526436781609
2012-07-17 21:00:00,263.653787381201
2012-07-18 07:00:00,353.750689502661
2012-07-18 09:00:00,217.599613925095
2012-07-18 11:00:00,161.684640048397
2012-07-18 23:00:00,139.579666176816
2012-07-19 00:00:00,57.4438089171263
2012-07-19 01:00:00,21.6830775737672
2012-07-19 09:00:00,266.103709508882
2012-07-19 17:00:00,614.999018567639
2012-08-01 00:00:00,46.3787000773521
2012-08-01 14:00:00,212.491666666667
2012-08-02 00:00:00,60.6839023463475
2012-08-02 02:00:00,11.5018349753695
2012-08-03 00:00:00,63.202025675474
2012-08-03 01:00:00,30.2451419203818
2012-08-03 06:00:00,134.356427659186
2012-08-03 09:00:00,283.792215256008
2012-08-03 14:00:00,276.946075533662
2012-08-03 17:00:00,603.083333333333
2012-08-03 22:00:00,229.132169592859
2012-08-04 00:00:00,133.851707003641
2012-08-04 05:00:00,19.2756635318704
2012-08-04 14:00:00,470.943664726079
2012-08-04 19:00:00,373.459775339603
2012-08-05 08:00:00,139.88336551534
2012-08-05 09:00:00,250.880723988655
2012-08-05 10:00:00,333.564433497537
2012-08-05 14:00:00,394.772662389735
2012-08-06 06:00:00,130.711384362764
2012-08-06 14:00:00,206.29670697119
2012-08-06 16:00:00,361.059599150875
2012-08-06 19:00:00,525.830075365248
2012-08-06 22:00:00,171.041964338344
2012-08-07 02:00:00,9.98275451559934
2012-08-07 04:00:00,6.19059069395783
2012-08-07 10:00:00,186.794889478338
2012-08-07 15:00:00,246.227295097009
2012-08-07 16:00:00,357.713103448276
2012-08-08 08:00:00,541.584731140177
2012-08-08 14:00:00,219.483045977012
2012-08-08 16:00:00,402.020547709513
2012-08-08 20:00:00,433.926541408783
2012-08-08 21:00:00,285.096494252874
2012-08-08 22:00:00,219.812021809608
2012-08-09 09:00:00,306.607289147634
2012-08-09 10:00:00,170.903733316492
2012-08-09 11:00:00,192.599096880131
2012-08-09 18:00:00,665.178474801061
2012-08-10 02:00:00,17.0394438128921
2012-08-10 06:00:00,120.843875205255
2012-08-10 07:00:00,181.74816091954
2012-08-10 18:00:00,579.891231527094
2012-08-10 19:00:00,497.470171150688
2012-08-10 22:00:00,214.42941097217
2012-08-10 23:00:00,160.032354229048
2012-08-11 12:00:00,408.222084017515
2012-08-11 18:00:00,277.54632183908
2012-08-11 23:00:00,127.323993584603
2012-08-12 03:00:00,33.9234521072797
2012-08-12 14:00:00,476.227555657387
2012-08-12 15:00:00,505.549261083744
2012-08-13 03:00:00,8.26594238137342
2012-08-13 05:00:00,28.1633228840125
2012-08-13 06:00:00,124.280811474605
2012-08-13 07:00:00,307.725306432918
2012-08-14 06:00:00,129.797192118227
2012-08-14 09:00:00,305.295663531871
2012-08-15 00:00:00,52.5695978408462
2012-08-15 10:00:00,188.987839669909
2012-08-15 14:00:00,194.94934318555
2012-08-16 01:00:00,23.1262138627656
2012-08-16 02:00:00,9.7691548987411
2012-08-16 09:00:00,234.415745633677
2012-08-16 12:00:00,249.027914614121
2012-08-16 15:00:00,237.979521950615
2012-08-16 18:00:00,670.864148035872
2012-08-16 21:00:00,260.066297208539
2012-08-17 03:00:00,12.7943295019157
2012-08-17 08:00:00,528.857011494253
2012-08-17 12:00:00,314.84459770115
2012-08-17 16:00:00,372.869402226934
2012-08-17 17:00:00,567.296633825944
2012-08-18 00:00:00,102.08012539185
2012-08-18 05:00:00,15.2314372206563
2012-08-18 12:00:00,536.784084076843
2012-08-18 13:00:00,517.726698541485
2012-08-18 14:00:00,527.883969134314
2012-08-18 17:00:00,517.74775862069
2012-08-18 20:00:00,299.151782977559
2012-08-18 21:00:00,241.86776683087
2012-08-18 22:00:00,214.413341543514
2012-08-19 00:00:00,126.789748221128
2012-08-19 02:00:00,75.980153256705
2012-09-01 13:00:00,548.197471264368
2012-09-01 14:00:00,526.773793103448
2012-09-02 07:00:00,69.1970443349754
2012-09-02 08:00:00,119.455950486295
2012-09-02 09:00:00,199.103045977011
2012-09-02 14:00:00,334.820459770115
2012-09-02 15:00:00,422.973563218391
2012-09-02 16:00:00,413.567145148356
2012-09-02 19:00:00,256.114137931035
2012-09-02 22:00:00,132.983908045977
2012-09-03 04:00:00,20.9418883415435
2012-09-03 12:00:00,425.419244663383
2012-09-03 21:00:00,244.040114942529
2012-09-04 09:00:00,269.321755485894
2012-09-04 10:00:00,199.170751547303
2012-09-04 22:00:00,191.778984042777
2012-09-05 02:00:00,8.80300679205852
2012-09-05 09:00:00,263.424671396359
2012-09-05 12:00:00,246.25973727422
2012-09-05 17:00:00,752.113076923077
2012-09-05 18:00:00,704.84759168035
2012-09-05 22:00:00,206.966726874658
2012-09-06 00:00:00,40.9672914093917
2012-09-06 02:00:00,11.6120758073344
2012-09-06 12:00:00,196.487356321839
2012-09-06 18:00:00,629.913669950739
2012-09-07 02:00:00,13.0123220542135
2012-09-07 04:00:00,7.61710454296661
2012-09-07 08:00:00,511.225
2012-09-07 16:00:00,388.176945293598
2012-09-07 19:00:00,479.239162982611
2012-09-07 20:00:00,304.719745484401
2012-09-08 00:00:00,116.760045600918
2012-09-08 06:00:00,34.8713026819923
2012-09-08 21:00:00,183.805402298851
2012-09-08 22:00:00,163.564827586207
2012-09-09 00:00:00,111.399208876423
2012-09-09 01:00:00,97.4804963427377
2012-09-09 07:00:00,87.2408773984636
2012-09-09 09:00:00,270.950872210953
2012-09-09 11:00:00,514.77408120615
2012-09-09 12:00:00,569.429150992686
2012-09-09 20:00:00,314.851334154351
2012-09-09 23:00:00,104.472437574316
2012-09-10 05:00:00,35.6226327312534
2012-09-10 07:00:00,409.010136792835
2012-09-10 15:00:00,301.775632183908
2012-09-10 18:00:00,738.885467980296
2012-09-10 22:00:00,151.785681444992
2012-09-11 04:00:00,7.62896215460281
2012-09-11 07:00:00,402.027870782982
2012-09-11 09:00:00,294.441465890432
2012-09-11 10:00:00,202.321737821565
2012-09-11 11:00:00,223.132275862069
2012-09-11 12:00:00,294.177460815047
2012-09-11 19:00:00,496.021834313258
2012-09-11 20:00:00,304.924980842912
2012-09-11 22:00:00,168.138593819973
2012-09-12 02:00:00,8.78210953346856
2012-09-12 05:00:00,39.4001642036125
2012-09-12 07:00:00,479.517411012867
2012-09-12 13:00:00,289.510104493208
2012-09-12 16:00:00,467.612402648954
2012-09-12 22:00:00,183.255966562173
2012-09-13 00:00:00,47.618527001067
2012-09-13 02:00:00,14.7936256801571
2012-09-13 18:00:00,690.877709359606
2012-09-13 19:00:00,471.883603837179
2012-09-13 23:00:00,144.427398350772
2012-09-14 00:00:00,58.1864317113723
2012-09-14 13:00:00,336.450651340996
2012-09-14 14:00:00,316.157701149425
2012-09-14 20:00:00,294.285220378533
2012-09-15 01:00:00,95.5286015325671
2012-09-15 04:00:00,16.1473344280241
2012-09-15 10:00:00,474.59834178149
2012-09-15 19:00:00,473.11367816092
2012-09-15 20:00:00,308.115012315271
2012-09-15 22:00:00,208.479950738916
2012-09-16 06:00:00,33.3107553366174
2012-09-16 14:00:00,645.898758272379
2012-09-16 23:00:00,80.2896789536266
2012-09-17 01:00:00,19.5851363279399
2012-09-17 02:00:00,12.6731855500821
2012-09-17 03:00:00,8.45636942932043
2012-09-17 10:00:00,171.307993979201
2012-09-17 11:00:00,193.036643678161
2012-09-17 16:00:00,360.296024787465
2012-09-17 22:00:00,125.505205254516
2012-09-18 01:00:00,9.27794721310148
2012-09-18 04:00:00,6.8448275862069
2012-09-18 16:00:00,206.699729328884
2012-09-18 17:00:00,357.299770114942
2012-09-18 18:00:00,415.926321839081
2012-09-18 21:00:00,192.819310344828
2012-09-19 09:00:00,289.832656191003
2012-09-19 15:00:00,293.605977011494
2012-09-19 17:00:00,809.286986863711
2012-09-19 19:00:00,456.261921687911
2012-09-19 21:00:00,217.631423097975
2012-09-19 22:00:00,160.760894909688
2012-09-19 23:00:00,112.851146599706
2012-10-01 05:00:00,32.6630795810597
2012-10-01 20:00:00,212.42367816092
2012-10-01 22:00:00,113.202988505747
2012-10-02 02:00:00,7.24469622331691
2012-10-02 08:00:00,420.030114942529
2012-10-02 10:00:00,130.23724137931
2012-10-02 16:00:00,265.875936225436
2012-10-02 19:00:00,281.305402298851
2012-10-02 23:00:00,112.557036124795
2012-10-03 09:00:00,274.406486042693
2012-10-03 16:00:00,387.905394242291
2012-10-03 20:00:00,357.030114942529
2012-10-04 02:00:00,11.4400095785441
2012-10-04 03:00:00,7.46275285434206
2012-10-04 04:00:00,9.08776611694153
2012-10-04 09:00:00,249.375139573071
2012-10-04 20:00:00,344.866743295019
2012-10-04 22:00:00,211.356551724138
2012-10-05 03:00:00,10.1749674329502
2012-10-05 06:00:00,140.119793833242
2012-10-05 17:00:00,667.855024630542
2012-10-05 19:00:00,342.750340060385
2012-10-06 01:00:00,95.1552599890531
2012-10-06 06:00:00,41.057109021247
2012-10-06 12:00:00,445.546824028462
2012-10-06 14:00:00,491.023887147335
2012-10-06 22:00:00,160.883505747126
2012-10-07 02:00:00,61.9243267651888
2012-10-07 04:00:00,14.6096798029557
2012-10-07 09:00:00,169.679655172414
2012-10-07 14:00:00,314.725517241379
2012-10-08 00:00:00,56.2527422003284
2012-10-08 03:00:00,12.332030651341
2012-10-08 07:00:00,227.352551127034
2012-10-08 08:00:00,334.214630541872
2012-10-08 16:00:00,308.061494252874
2012-10-09 02:00:00,6.86805202661827
2012-10-09 08:00:00,542.816735632184
2012-10-09 10:00:00,157.24
2012-10-09 12:00:00,233.512643678161
2012-10-09 18:00:00,566.186321839081
2012-10-09 19:00:00,388.790653224573
2012-10-10 00:00:00,38.455790687891
2012-10-10 02:00:00,6.34867816091955
2012-10-10 13:00:00,251.255172413793
2012-10-10 14:00:00,251.982463054187
2012-10-10 23:00:00,124.51153256705
2012-10-11 06:00:00,123.559178981938
2012-10-11 07:00:00,307.748062397373
2012-10-11 10:00:00,197.617952928298
2012-10-11 17:00:00,737.097015915119
2012-10-11 21:00:00,207.596256157635
2012-10-12 05:00:00,29.1172661708361
2012-10-12 12:00:00,326.250837438424
2012-10-12 15:00:00,289.184482758621
2012-10-12 20:00:00,290.585692391899
2012-10-12 22:00:00,162.0366755084
2012-10-12 23:00:00,136.432879036672
2012-10-13 10:00:00,273.746408916754
2012-10-13 11:00:00,345.748021443824
2012-10-13 14:00:00,488.484150023405
2012-10-13 17:00:00,390.882068965517
2012-10-14 12:00:00,465.659594342439
2012-10-14 18:00:00,367.635402298851
2012-10-15 02:00:00,11.3529310344828
2012-10-15 03:00:00,6.92143922544223
2012-10-15 04:00:00,8.13277432712215
2012-10-15 06:00:00,117.154071828555
2012-10-15 07:00:00,358.458282623394
2012-10-15 11:00:00,165.273421230561
2012-10-15 12:00:00,179.951206896552
2012-10-15 15:00:00,195.175002736727
2012-10-15 17:00:00,655.465866489832
2012-10-15 22:00:00,146.406699507389
2012-10-16 00:00:00,38.3061966481064
2012-10-16 02:00:00,8.45485552962867
2012-10-16 04:00:00,5.20089759665622
2012-10-16 05:00:00,27.4170388784673
2012-10-16 08:00:00,517.091103448276
2012-10-16 09:00:00,314.393111658457
2012-10-16 13:00:00,262.016018062397
2012-10-16 15:00:00,276.402873563218
2012-10-16 16:00:00,383.323810523168
2012-10-16 19:00:00,421.248965517241
2012-10-16 22:00:00,145.706100795756
2012-10-17 15:00:00,267.545966386555
2012-10-17 16:00:00,369.688802312987
2012-10-18 03:00:00,5.61826522287956
2012-10-18 06:00:00,126.158768472906
2012-10-18 20:00:00,292.555632183908
2012-10-19 02:00:00,9.40478927203065
2012-10-19 05:00:00,27.5179558260086
2012-10-19 11:00:00,182.385632183908
2012-10-19 15:00:00,299.655188834154
2012-10-19 16:00:00,293.403850574713
2012-10-19 17:00:00,492.089310344828
2012-11-01 00:00:00,41.1872611169163
2012-11-01 03:00:00,6.35375248465993
2012-11-01 06:00:00,111.89140120416
2012-11-01 07:00:00,287.317471264368
2012-11-01 18:00:00,515.708088324259
2012-11-02 04:00:00,6.33244663382594
2012-11-02 07:00:00,305.554334975369
2012-11-02 10:00:00,198.747931034483
2012-11-02 12:00:00,249.422463321185
2012-11-02 14:00:00,243.903141762452
2012-11-02 17:00:00,496.432776304156
2012-11-02 21:00:00,172.08807250221
2012-11-02 23:00:00,119.878620689655
2012-11-03 05:00:00,16.7967946916342
2012-11-03 07:00:00,151.118587848933
2012-11-03 09:00:00,211.62816091954
2012-11-03 12:00:00,378.197011494253
2012-11-03 14:00:00,335.108604269294
2012-11-03 22:00:00,140.968045977011
2012-11-05 05:00:00,31.0673007722501
2012-11-05 07:00:00,292.776174055829
2012-11-05 14:00:00,205.546962233169
2012-11-05 17:00:00,497.124789272031
2012-11-05 23:00:00,82.1144827586207
2012-11-06 09:00:00,271.291264367816
2012-11-06 12:00:00,223.17367816092
2012-11-06 14:00:00,197.897497789567
2012-11-06 17:00:00,504.949540229885
2012-11-06 18:00:00,486.621494252874
2012-11-06 20:00:00,218.211510673235
2012-11-06 22:00:00,133.004022988506
2012-11-07 01:00:00,17.6173234811166
2012-11-07 02:00:00,10.5113662028635
2012-11-07 08:00:00,580.703189655172
2012-11-07 12:00:00,205.92908045977
2012-11-07 14:00:00,182.463563218391
2012-11-07 20:00:00,230.728045977011
2012-11-07 21:00:00,176.416124794746
2012-11-08 01:00:00,17.0130870279146
2012-11-08 11:00:00,200.810601237843
2012-11-08 12:00:00,244.534882320744
2012-11-08 13:00:00,266.618719211823
2012-11-08 14:00:00,246.656157635468
2012-11-08 15:00:00,255.328275862069
2012-11-08 17:00:00,518.76691423519
2012-11-08 23:00:00,117.326912972085
2012-11-09 01:00:00,20.2753939164284
2012-11-09 06:00:00,110.904827586207
2012-11-09 09:00:00,267.383297966401
2012-11-09 10:00:00,194.572356321839
2012-11-09 14:00:00,268.690180623974
2012-11-09 20:00:00,219.217008757526
2012-11-10 01:00:00,81.3071921182266
2012-11-10 04:00:00,10.1967543871111
2012-11-10 08:00:00,133.429650119995
2012-11-10 09:00:00,221.22802955665
2012-11-10 15:00:00,513.474719866003
2012-11-10 17:00:00,319.791832114246
2012-11-11 08:00:00,111.089354553492
2012-11-11 12:00:00,452.071797283177
2012-11-11 15:00:00,491.66908045977
2012-11-11 17:00:00,402.493524904215
2012-11-11 18:00:00,291.781724137931
2012-11-11 21:00:00,150.503908045977
2012-11-11 22:00:00,102.529813902572
2012-11-12 03:00:00,14.6195019157088
2012-11-12 04:00:00,12.2327873563218
2012-11-12 06:00:00,80.9261538461538
2012-11-12 07:00:00,241.610114942529
2012-11-12 11:00:00,249.250689655172
2012-11-12 16:00:00,345.192549019608
2012-11-12 17:00:00,463.466724137931
2012-11-13 06:00:00,92.0381773399015
2012-11-13 08:00:00,315.677356321839
2012-11-13 13:00:00,221.319540229885
2012-11-13 21:00:00,151.484170771757
2012-11-14 00:00:00,53.1284254698048
2012-11-14 02:00:00,6.96688834154352
2012-11-14 11:00:00,167.296781609195
2012-11-14 17:00:00,514.062151067323
2012-11-14 23:00:00,79.1154022988506
2012-11-15 00:00:00,49.3360456784595
2012-11-15 03:00:00,8.45295019157088
2012-11-15 11:00:00,167.714942528736
2012-11-15 14:00:00,196.62785440613
2012-11-15 15:00:00,219.387279693487
2012-11-15 17:00:00,515.609328028293
2012-11-15 19:00:00,279.359020251779
2012-11-16 05:00:00,28.5097182781159
2012-11-16 09:00:00,318.336719196963
2012-11-16 12:00:00,255.413207941484
2012-11-17 03:00:00,18.0447169992116
2012-11-17 07:00:00,42.4569293924466
2012-11-17 11:00:00,332.307087608793
2012-11-17 16:00:00,365.623640468727
2012-11-18 06:00:00,26.8632785987958
2012-11-18 09:00:00,177.645862068965
2012-11-18 12:00:00,405.521821232241
2012-11-18 14:00:00,397.875320197044
2012-11-18 18:00:00,228.363481116585
2012-11-18 20:00:00,166.597011494253
2012-11-18 21:00:00,122.740689655172
2012-11-19 06:00:00,103.698652037618
2012-11-19 08:00:00,484.670890804598
2012-11-19 12:00:00,210.02153256705
2012-11-19 15:00:00,213.786524356869
2012-12-01 00:00:00,78.809276011345
2012-12-01 04:00:00,13.0146962233169
2012-12-01 08:00:00,95.4396430732002
2012-12-01 13:00:00,346.846061045108
2012-12-01 14:00:00,327.749263015551
2012-12-01 15:00:00,379.940082101806
2012-12-01 23:00:00,98.0738970990695
2012-12-02 00:00:00,86.6978840125392
2012-12-02 01:00:00,75.9812151067324
2012-12-02 02:00:00,61.1810054862679
2012-12-02 09:00:00,153.113981191223
2012-12-02 14:00:00,338.765101679929
2012-12-02 22:00:00,85.8825196761225
2012-12-03 02:00:00,10.7298500561749
2012-12-03 09:00:00,277.184482758621
2012-12-04 02:00:00,7.14335169821105
2012-12-04 04:00:00,5.79257471264368
2012-12-04 05:00:00,25.643295180141
2012-12-04 12:00:00,244.95275862069
2012-12-04 13:00:00,206.577706622879
2012-12-04 15:00:00,237.242617152962
2012-12-04 18:00:00,592.935402298851
2012-12-05 05:00:00,29.8980919351102
2012-12-05 06:00:00,92.3555590386625
2012-12-05 07:00:00,158.920862068966
2012-12-05 14:00:00,234.746896551724
2012-12-05 17:00:00,476.166201671891
2012-12-05 18:00:00,448.86288998358
2012-12-05 21:00:00,165.501724137931
2012-12-06 02:00:00,6.74243637711936
2012-12-06 11:00:00,147.701012012791
2012-12-06 19:00:00,239.075977011494
2012-12-07 04:00:00,6.43024114774115
2012-12-07 06:00:00,108.727592177937
2012-12-07 11:00:00,173.842796934866
2012-12-07 17:00:00,451.918275862069
2012-12-07 23:00:00,95.1622988505747
2012-12-08 01:00:00,76.2987192118227
2012-12-08 09:00:00,167.035632183908
2012-12-08 18:00:00,221.361724137931
2012-12-08 23:00:00,89.2047509578544
2012-12-09 02:00:00,66.6855943456843
2012-12-09 10:00:00,245.318120423638
2012-12-09 13:00:00,333.118729353811
2012-12-09 18:00:00,181.092643678161
2012-12-09 21:00:00,119.943448275862
2012-12-10 02:00:00,7.18717080056463
2012-12-10 14:00:00,178.205177887247
2012-12-10 17:00:00,437.800821018063
2012-12-11 02:00:00,8.28186702388154
2012-12-11 04:00:00,6.24871592775041
2012-12-11 09:00:00,273.358390804598
2012-12-11 14:00:00,199.283141762452
2012-12-11 15:00:00,216.425030103996
2012-12-11 16:00:00,299.656091954023
2012-12-11 17:00:00,466.663793103448
2012-12-11 18:00:00,448.192068965517
2012-12-12 00:00:00,49.5916407311225
2012-12-12 04:00:00,6.44740147783252
2012-12-12 15:00:00,231.226819923372
2012-12-12 16:00:00,286.954827586207
2012-12-12 18:00:00,450.220114942529
2012-12-12 22:00:00,117.553908045977
2012-12-13 08:00:00,518.884860426929
2012-12-13 14:00:00,216.237784743992
2012-12-13 23:00:00,85.1646905393457
2012-12-14 02:00:00,10.0436332537195
2012-12-14 11:00:00,145.476042692939
2012-12-14 12:00:00,233.1973727422
2012-12-14 17:00:00,413.856781609195
2012-12-14 21:00:00,141.104844006568
2012-12-14 23:00:00,89.5013572060124
2012-12-15 01:00:00,73.0563793103448
2012-12-15 02:00:00,51.223908045977
2012-12-15 09:00:00,146.062716823407
2012-12-15 12:00:00,385.32478571672
2012-12-15 18:00:00,213.907164750958
2012-12-16 01:00:00,76.3824794745484
2012-12-16 02:00:00,67.7209233844616
2012-12-16 07:00:00,136.430328407225
2012-12-16 17:00:00,283.245024630542
2012-12-16 18:00:00,162.220689655172
2012-12-16 19:00:00,194.228084291188
2012-12-17 01:00:00,13.2177449370553
2012-12-17 05:00:00,27.5016370745174
2012-12-17 09:00:00,260.972107279694
2012-12-17 11:00:00,167.19144499179
2012-12-18 00:00:00,29.8627459548463
2012-12-18 01:00:00,12.0434154351396
2012-12-18 02:00:00,8.11757583614208
2012-12-18 06:00:00,117.341000487005
2012-12-18 10:00:00,152.326699507389
2012-12-18 12:00:00,157.963448275862
2012-12-18 15:00:00,229.962643678161
2012-12-19 02:00:00,6.34515930631176
2012-12-19 07:00:00,284.321853261681
2012-12-19 16:00:00,303.888506758351
2012-12-19 23:00:00,85.1091732979664
